name,birthname,date_of_birth,spotify_id,genre,spotify_avatar,wikipedia_page
1T1,nan,,29DEO5ubNTmLbFSEZDP2we,Bouyon,https://i.scdn.co/image/ab6761610000e5eb2cfcca9a3b3dc0f14dd4b22a,
2 CHainz,Tauheed Epps,1977-09-12,17lzZA2AlOHwCwFALHttmp,nan,https://i.scdn.co/image/ab6761610000e5ebf556662d187b9191c421be1c,https://fr.wikipedia.org/wiki/2_Chainz
20syl,Sylvain Richard,1979-02-17,6mA4csYsYvf4Mq02PleZEV,Electro house,https://i.scdn.co/image/ab6761610000e5eb8928154b8783203390f4e4c6,https://fr.wikipedia.org/wiki/20syl
21 Savage,Shéyaa Bin Abraham-Joseph,1992-10-22,1URnnhqYAYcrqrcwql10ft,Rap music,https://i.scdn.co/image/ab6761610000e5eb4f8f76117470957c0e81e5b2,https://fr.wikipedia.org/wiki/21_Savage
50 Cent,Curtis James Jackson III,1975-07-06,3q7HBObVc0L8jNeTe5Gofh,Rap music,https://i.scdn.co/image/6f0da41419b31d9d2ba55d2df212f59ad0668118,https://fr.wikipedia.org/wiki/50_Cent
6ix9ine,Daniel Hernandez,1996-01-08,7gZfnEnfiaHzxARJ2LeXrf,Rap music,https://i.scdn.co/image/ab6761610000e5ebe496acc0275b2bfd673c21a9,https://fr.wikipedia.org/wiki/6ix9ine
Aaliyah,Aaliyah Dana Haughton,1979-01-16,0urTpYCsixqZwgNTkPJOJ4,Rhythm and blues,https://i.scdn.co/image/ab6761610000e5ebd2493cea701d45401cc79ffd,https://fr.wikipedia.org/wiki/Aaliyah
Ace of Base,Ace of Base,1990-01-01,5ksRONqssB7BR161NTtJAm,nan,https://i.scdn.co/image/df9832bacbaeb43077530fa37a8178cea85cb956,https://fr.wikipedia.org/wiki/Ace_of_Base
Afro B,Ross-Emmanuel Bayeto,1993-02-25,7oMRcCu0OYSCtCyS3P37iC,Afrobeat,https://i.scdn.co/image/ab6761610000e5eb628c8d57d3561e11d219c2dc,https://fr.wikipedia.org/wiki/Afro_B
Agnes Obel,Agnes Caroline Thaarup Obel,1980-01-28,1rKrEdI6GKirxWHxIUPYms,Folk pop,https://i.scdn.co//image//ab6761610000e5eb312fa20da6b19e20d9b07974,https://fr.wikipedia.org/wiki/Agnes_Obel
Akon,Alioune Badara Thiam N'gulu a,1973-01-16,0z4gvV4rjIZ9wHck67ucSV,Rhythm and blues,https://i.scdn.co/image/ab6761610000e5eb3b6ab4190c7435238735b59d,https://fr.wikipedia.org/wiki/Akon
Al Jarreau,Alwin Lopez Jarreau,1940-03-12,3YR92OLKlvkK5oKNekSqXe,nan,https://i.scdn.co/image/0328aeaea8dff5a8695fd9f87de3f2dd41b8d4aa,https://fr.wikipedia.org/wiki/Al_Jarreau
Alanis Morissette,,,6ogn9necmbUdCppmNnGOdi,Pop rock,https://i.scdn.co/image/ab6761610000e5ebf6a97342ccd47692b7cdf8c0,https://fr.wikipedia.org/wiki/Alanis_Morissette
Alexander,nan,,0znpFLuaey34oJTE1jHSnT,nan,https://i.scdn.co/image/ab6761610000e5eb7b8555e7c926b78242c7a52d,
Alicia Keys,Alicia Augello Cook,1981-01-25,3DiDSECUqqY1AuBP8qtaIa,Rhythm and blues,https://i.scdn.co/image/ab6761610000e5ebebfd16a3bca87c31c1e20576,https://fr.wikipedia.org/wiki/Alicia_Keys
Alizee,Alizée Jacotey,1984-08-21,53deL58uye6fCqRK4COtR4,Pop rock,https://i.scdn.co/image/01319daaa5efa55935e2c84d8070a821f4de1dd2,https://fr.wikipedia.org/wiki/Aliz%C3%A9e
All-4-One,All-4-One,1990-01-01,1B8ySGDAiXTCvnJNH4HSCG,Rhythm and blues,https://i.scdn.co/image/76758f54e0a9ad08225e42c262f80ca1ad4cebcf,https://fr.wikipedia.org/wiki/All-4-One
Aloe Blacc,Egbert Nathaniel Dawkins III,1979-01-07,0id62QV2SZZfvBn9xpmuCl,Blues rock,https://i.scdn.co/image/ab6761610000e5ebd58b6657f0f41954c0fcee55,https://fr.wikipedia.org/wiki/Aloe_Blacc
Alphaville,Alphaville,1982-01-01,0xliTEbFfy5HQHvsTknTkX,nan,https://i.scdn.co/image/ab6761610000e5eb3f8779bb1c97be855c6b51a8,https://fr.wikipedia.org/wiki/Alphaville
AlunaGeorge,AlunaGeorge,2009-01-01,2VAnyOxzJuSAj7XIuEOT38,nan,https://i.scdn.co/image/ab6761610000e5eb7261f020417f3931cc3db324,https://fr.wikipedia.org/wiki/AlunaGeorge
Aly & AJ,nan,,5wugb0kaq0J6nyQ5Xgd17i,nan,https://i.scdn.co/image/ab6761610000e5eb941b05d6a8f552e1e61a7a1f,https://fr.wikipedia.org/wiki/Aly_%26_AJ
America,America,1970-01-01,35U9lQaRWSQISxQAB94Meo,nan,https://i.scdn.co/image/ab6761610000e5eb1918619d3b26c6cb16084997,https://fr.wikipedia.org/wiki/America_(groupe)
Amy Winehouse,Amy Jade Winehouse,1983-01-14,6Q192DXotxtaysaqNPy5yR,Rhythm and blues,https://i.scdn.co/image/ab6761610000e5eb2ceb023b10da17590878e88c,https://fr.wikipedia.org/wiki/Amy_Winehouse
Anastacia,Anastacia Lyn Newkirk,1968-09-17,2siHvYaxjaW5rKVRiIrMYH,Rhythm and blues,https://i.scdn.co/image/ab6761610000e5eb1d479612f500e9fb7bbd9abb,https://fr.wikipedia.org/wiki/Anastacia
Anggun,,1974-04-29,3ahVFszO9ucf8JQLCNQeYA,nan,https://i.scdn.co/image/e7ede14ea2a743fed12c8df24b2cedb0b91117ff,https://fr.wikipedia.org/wiki/Anggun
Angus and Julia Stone,Angus and Julia Stone,2006-01-01,4tvKz56Tr39bkhcQUTO0Xr,nan,https://i.scdn.co/image/ab6761610000e5eba6bec94f269e61676f2fe977,https://fr.wikipedia.org/wiki/Angus_and_Julia_Stone
Angèle,Angèle Joséphine Aimée Van Laeken,1995-01-03,3QVolfxko2UyCOtexhVTli,Electropop,https://i.scdn.co//image//ab6761610000e5eb2aefdc0f42eef75a60b341dd,https://fr.wikipedia.org/wiki/Ang%C3%A8le_(chanteuse)
Anitta,Larissa de Macedo Machado,1993-01-30,1Xyo4u8uXC1ZmMpatF05PJ,Latin pop,https://i.scdn.co/image/ab6761610000e5eb9e528993a2820267b97f6aae,https://fr.wikipedia.org/wiki/Anitta_(chanteuse)
Anya Marina,,1976-09-23,3QkzcRNHg1pCeifBUZGmb6,Indie pop,https://i.scdn.co/image/ab6761610000e5eb00685313e751bd64de3cfdab,https://fr.wikipedia.org/wiki/Anya_Marina
Aqua,Aqua,1989-01-01,24wZhe5S2ElzaYdULrJPhV,nan,https://i.scdn.co/image/ab6761610000e5ebc90d212dc6af4460eff2b42e,https://fr.wikipedia.org/wiki/Aqua_(groupe)
Arctic Monkeys,Arctic Monkeys,2002-01-01,7Ln80lUS6He07XvHI8qqHH,nan,https://i.scdn.co/image/ab6761610000e5eb7da39dea0a72f581535fb11f,https://fr.wikipedia.org/wiki/Arctic_Monkeys
Aretha Franklin,Aretha Louise Franklin,1942-03-25,7nwUJBm0HE4ZxD3f5cy5ok,nan,https://i.scdn.co/image/ab6761610000e5ebf12270128127ba170f90097d,https://fr.wikipedia.org/wiki/Aretha_Franklin
Ariana Grande,Ariana Grande-Butera,1993-01-26,66CXWjxzNUsdJxJ2JdwvnR,Progressive pop,https://i.scdn.co/image/ab6761610000e5eb6725802588d7dc1aba076ca5,https://fr.wikipedia.org/wiki/Ariana_Grande
Asake,Ahmed Ololade Rhodes,1995-01-13,3a1tBryiczPAZpgoZN9Rzg,Afrobeat,https://i.scdn.co/image/ab6761610000e5eba3ae97af098bf3aeeb24d338,https://fr.wikipedia.org/wiki/Asake
Ashnikko,Ashton Nicole Casey,1996-02-19,3PyJHH2wyfQK3WZrk9rpmP,nan,https://i.scdn.co/image/ab6761610000e5eb12393f2112b9496d048b6736,https://fr.wikipedia.org/wiki/Ashnikko
Avril Lavigne,Avril Ramona Lavigne,1984-09-27,0p4nmQO2msCgU4IF37Wi3j,Pop rock,https://i.scdn.co/image/ab6761610000e5eb5c3349ddba6b8e064c1bab16,https://fr.wikipedia.org/wiki/Avril_Lavigne
Aya Nakamura,Aya Danioko,1995-05-10,7IlRNXHjoOCgEAWN5qYksg,Afrobeat,https://i.scdn.co/image/ab6761610000e5eb8fe3fd15b08ed17abc0ee9db,https://fr.wikipedia.org/wiki/Aya_Nakamura
Ayo,nan,1980-09-14,4kuHnKdDObYPKYPcyJC4f6,nan,https://i.scdn.co/image/ab6761610000e5eb099f22295927964636fd288e,https://fr.wikipedia.org/wiki/Ayo_(chanteuse)
BB Brunes,BB Brunes,2005-01-01,4tHeypFR25Cnx83nuHhrud,nan,https://i.scdn.co/image/ab6761610000e5eb6971278da3fc32512405258f,https://fr.wikipedia.org/wiki/BB_Brunes
Babes Wodumo,nan,1994-11-20,3jfVtv9mWfW0c5b3Fx440e,Amapiano,https://i.scdn.co/image/ab67616d0000b273799143b30879f7496e63a187,https://fr.wikipedia.org/wiki/Babes_Wodumo
Backstreet Boys,Backstreet Boys,1993-01-01,5rSXSAkZ67PYJSvpUpkOr7,Rhythm and blues,https://i.scdn.co/image/ab6761610000e5ebd792783a725a0ed42866204c,https://fr.wikipedia.org/wiki/Backstreet_Boys
Bad Bunny,Benito Antonio Martínez Ocasio,1994-01-10,4q3ewBCX7sLwd24euuV69X,Reggaeton,https://i.scdn.co/image/ab6761610000e5eb81f47f44084e0a09b5f0fa13,https://fr.wikipedia.org/wiki/Bad_Bunny
Bali Baby,Kaitlin Fletcher,1997-06-15,5hPcCMWgf6Qu9vUQVySwcY,Rap music,https://i.scdn.co/image/ab6761610000e5eb0b3a29a471d23e384c3cbf65,
Barry White,Barrence Eugene Carter,1944-09-12,3rfgbfpPSfXY40lzRK7Syt,nan,https://i.scdn.co/image/d04ae222146d052fbbe9ed2598c1c3319d4e7ebc,https://fr.wikipedia.org/wiki/Barry_White
BazBaz,Camille Bazbaz,,4ijFABgyX2ULYjcr0tSYZ3,French pop,https://i.scdn.co/image/ab6761610000e5eb8d6d77345f28f2b76552a1cc,https://fr.wikipedia.org/wiki/Camille_Bazbaz
Beck,nan,,3vbKDsSS70ZX9D2OcvbZmS,2 Tone,https://i.scdn.co/image/ab6761610000e5eb917df61d55ce3ab98d43351a,https://fr.wikipedia.org/wiki/Beck_(chanteur)
Bee Gees,Bee Gees,1958-01-01,1LZEQNv7sE11VDY3SdxQeN,nan,https://i.scdn.co/image/1ea4795e17ffa658d7ad23095d58997a278179a9,https://fr.wikipedia.org/wiki/Bee_Gees
Berlin,Berlin,1978-01-01,2aS6jYh7ysTL1ZUsHneNgM,nan,https://i.scdn.co/image/ab6761610000e5ebfba07dbdca45039f9d20e5bb,https://fr.wikipedia.org/wiki/Berlin_(groupe)
Bertrand Belin,nan,1970-12-07,5yFrjxlSd8zPqzCCNrOI5h,nan,https://i.scdn.co/image/ab6761610000e5eb0e91e83afd3c20626755aef0,https://fr.wikipedia.org/wiki/Bertrand_Belin
Beyoncé,Beyonce Giselle Knowles,1981-09-04,6vWDO969PvNqNYHIOW5v0m,Rhythm and blues,https://i.scdn.co/image/ab6761610000e5eb247f44069c0bd1781df2f785,https://fr.wikipedia.org/wiki/Beyonc%C3%A9
Bhad Bhabie,Danielle Bregoli,2003-03-26,7DuTB6wdzqFJGFLSH17k8e,Rap music,https://i.scdn.co/image/ab6761610000e5eb32f6eec95752845078cbf24e,
Big Scarr,Alexander Woods,2000-04-07,579LsvZcRVKtToYjS0tkKz,Rap music,https://i.scdn.co/image/ab6761610000e5eb3cfacf8b70d1dce6ab669fd7,
Big Sean,Sean Michael Leonard Anderson,1988-03-25,0c173mlxpT3dSFRgMO8XPh,Rap music,https://i.scdn.co/image/ab6761610000e5eb3d5b14b45d4c3d10d23b03ff,https://fr.wikipedia.org/wiki/Big_Sean
Billy Joel,William Martin Joel,1949-05-09,6zFYqv1mOsgBRQbae3JJ9e,nan,https://i.scdn.co/image/ab6761610000e5ebb34057d59275011032ef8bc8,https://fr.wikipedia.org/wiki/Billy_Joel
Birdy,nan,1996-05-15,2WX2uTcsvV5OnS0inACecP,nan,https://i.scdn.co/image/ab6761610000e5eb778483686ae247c1906f02fb,https://fr.wikipedia.org/wiki/Birdy_(chanteuse)
Bloc Party,Bloc Party,1999-01-01,3MM8mtgFzaEJsqbjZBSsHJ,nan,https://i.scdn.co/image/ab6761610000e5eb42712519962b4c8fe48bc4a6,https://fr.wikipedia.org/wiki/Bloc_Party
Blu Cantrell,Tiffany Cobb,1976-01-16,6vytZ677lz4LzCrUDcDokM,Rhythm and blues,https://i.scdn.co/image/ab6761610000e5eb28831abca4b27c9f46416eb1,https://fr.wikipedia.org/wiki/Blu_Cantrell
Blueface,Johnathan Jamall Porter,1997-01-20,3Fl1V19tmjt57oBdxXKAjJ,Rap music,https://i.scdn.co/image/ab6761610000e5eb9ee6c8739ef1f20553231132,https://fr.wikipedia.org/wiki/Blueface
Blur,Blur,1988-01-01,7MhMgCo0Bl0Kukl93PZbYS,nan,https://i.scdn.co/image/ab6761610000e5eb00620d736644d2359ce99430,https://fr.wikipedia.org/wiki/Blur_(groupe)
Boyz II Men,Boyz II Men,1988-01-01,6O74knDqdv3XaWtkII7Xjp,Rhythm and blues,https://i.scdn.co/image/c8b0d67be35852171d04d7309c2cfe1992a8a4eb,https://fr.wikipedia.org/wiki/Boyz_II_Men
Brandy & Monica,nan,,05oH07COxkXKIMt6mIPRee,Rhythm and blues,https://i.scdn.co/image/ab6761610000e5ebb39417aaafb9c373e78594ef,https://fr.wikipedia.org/wiki/Brandy_Norwood
Brigitte,Brigitte,2008-01-01,3sB1RV3IE5yCyMbl01FzBN,nan,https://i.scdn.co/image/ab6761610000e5ebb6db9f26998bdda2e7c0ff6e,https://fr.wikipedia.org/wiki/Brigitte_(groupe)
Britney Spears,Britney Jean Spears,1981-12-02,26dSoYclwsYLMAKD3tpOr4,Pop rock,https://i.scdn.co/image/ab6761610000e5eb3a49b0a3954e460a8a76ed90,https://fr.wikipedia.org/wiki/Britney_Spears
Bruce Springsteen,Bruce Frederick Joseph Springsteen,1949-09-23,3eqjTLE0HfPfh78zjh6TqT,nan,https://i.scdn.co/image/ab6761610000e5eb81df2fa2f937029ec986bbb8,https://fr.wikipedia.org/wiki/Bruce_Springsteen
Bun B,Bernard Freeman,1973-03-19,45a6gCQWq61lIUDmr1tKuO,nan,https://i.scdn.co/image/3bba8d19446261eb36f6ce214dc472c6669536fa,https://fr.wikipedia.org/wiki/Bun_B
Burna Boy,Damini Ebunoluwa Ogulu,1991-07-02,3wcj11K77LjEY1PkEazffa,nan,https://i.scdn.co/image/ab6761610000e5eb2d405f4858ce3cd52d409c98,https://fr.wikipedia.org/wiki/Burna_Boy
Busta Rhymes,Trevor George Smith Jr.,1972-01-20,1YfEcTuGvBQ8xSD1f53UnK,Rap music,https://i.scdn.co/image/ab6761610000e5eb7b31aba081ef084510cde4e3,https://fr.wikipedia.org/wiki/Busta_Rhymes
CKay,Chukwuka Ekweani,1995-07-16,048LktY5zMnakWq7PTtFrz,Afrobeat,https://i.scdn.co/image/ab6761610000e5eb6bc8c6ddd810306da5659254,https://fr.wikipedia.org/wiki/Ckay
Caballero & JeanJass,Caballero & JeanJass,2013-01-01,1mMUzAMrNqoTHgtxA0dZi6,Rap music,https://i.scdn.co/image/ab6761610000e5ebbc17ac2f9ed41684682ac6d1,https://fr.wikipedia.org/wiki/Caballero_%26_JeanJass
Calvin Harris,Adam Richard Wiles,1984-01-17,7CajNmpbOovFoOoasH2HaY,Traditional pop music,https://i.scdn.co/image/ab6761610000e5eb1e4bcd2bef1896648762dd6b,https://fr.wikipedia.org/wiki/Calvin_Harris
Camila Cabello,Karla Camila Cabello Estrabao,1997-01-03,4nDoRrQiYLoBzwC5BhVJzF,Latin pop,https://i.scdn.co/image/ab6761610000e5eb76470faf6330235edbcb90a9,https://fr.wikipedia.org/wiki/Camila_Cabello
Camille,nan,1978-03-10,0gOsZcHl7H3ewXVIEnWFZX,nan,https://i.scdn.co/image/ab6761610000e5eb11f431f95fc3776d22a5ac37,https://fr.wikipedia.org/wiki/Camille_Dalmais
Captain Kid,nan,,7BEfMxbaqx6dOpbtlEqScm,nan,https://i.scdn.co/image/4f2f9946d13c03740d4a033c662bb3995d0c00e1,
Cardi B,Belcalis Marlenis Almánzar,1992-10-11,4kYSro6naA4h99UJvo89HB,Rap music,https://i.scdn.co/image/ab6761610000e5eb4e8a7e14e2f602eb9af24e31,https://fr.wikipedia.org/wiki/Cardi_B
Carla Bruni,Carla Gilberta Bruni Tedeschi,1967-12-23,1HVwzNriKEjaeE06okqSpx,nan,https://i.scdn.co/image/ab6761610000e5eb1d05c17e7271984b1e009d6f,https://fr.wikipedia.org/wiki/Carla_Bruni
Carnage,nan,1991-01-03,7CCjtD0hCK005Bvg2WG1a7,Rap music,https://i.scdn.co/image/ab6761610000e5eb9dce3cbff297c22fbcd62a96,https://fr.wikipedia.org/wiki/Carnage_(producteur)
Cascada,Cascada,2004-01-01,0N0d3kjwdY2h7UVuTdJGfp,Electropop,https://i.scdn.co/image/ab6761610000e5eb7977be627e6c9e8018ad7831,https://fr.wikipedia.org/wiki/Cascada
Cassie,,1986-08-26,27FGXRNruFoOdf1vP8dqcH,Rhythm and blues,https://i.scdn.co/image/ab6761610000e5eb9592a41ec193fd20c5372ed3,https://fr.wikipedia.org/wiki/Cassie_(chanteuse)
Cassius,Cassius,1988-01-01,4sf3QZW8a3xZ14IGsOAzoy,nan,https://i.scdn.co/image/ab6761610000e5eb6686276b73ec5c27ae481992,https://fr.wikipedia.org/wiki/Cassius_(groupe)
Castro,nan,,0LAurKItZ2c5kltNoRMtKq,nan,https://i.scdn.co/image/ab6761610000e5eb398e7242fda5cccab0b5e6ec,
Cat Clyde,nan,1993-02-01,7oRT0oC3vhUGQJCL6CYYzk,Rhythm and blues,https://i.scdn.co/image/ab6761610000e5eb1acd7024a0d1bde10d17930b,
CeCe Peniston,Cecilia Veronica Peniston,1969-09-06,5UoVLCWzOKMIJ9iioof9OD,Rhythm and blues,https://i.scdn.co/image/ab6761610000e5eb7b400216c37c439df6fd49b0,https://fr.wikipedia.org/wiki/CeCe_Peniston
Ceeza Milli,nan,,11b21KVATwG7LgLPiD3a1A,nan,https://i.scdn.co/image/ab6761610000e5eb80df5f836a383ea97dab791d,
Celeste,nan,1994-05-05,49HlOY4gkHqsYG9GCuhkcc,Rhythm and blues,https://i.scdn.co/image/ab6761610000e5eb3b48ae3bd4b963766b769f7c,https://fr.wikipedia.org/wiki/Celeste_(chanteuse)
Celine Dion,Céline Marie Claudette Dion,1968-03-30,4S9EykWXhStSc15wEx8QFK,Electropop,https://i.scdn.co/image/ab6761610000e5ebc3b380448158e7b6e5863cde,https://fr.wikipedia.org/wiki/C%C3%A9line_Dion
Chaka Khan,Yvette Marie Stevens,1953-01-23,2VTb0LrLDNWkg3mWlD9uic,Rhythm and blues,https://i.scdn.co/image/ab67616d0000b2736d201cce8338d8744abf0f33,https://fr.wikipedia.org/wiki/Chaka_Khan
Chamillionaire,Hakeem Seriki,1979-11-28,6vdMPayKk8YJxxeNP5oMCb,Rap music,https://i.scdn.co/image/6e4914e9a46e7a5d4f3bdf47ddb85a78464aee05,https://fr.wikipedia.org/wiki/Chamillionaire
Chance the Rapper,Chancelor Jonathan Bennett,1993-04-16,1anyVhU62p31KFi8MEzkbf,Rap music,https://i.scdn.co/image/ab6761610000e5ebe8717f034edfa96049ece459,https://fr.wikipedia.org/wiki/Chance_the_Rapper
Charlotte Gainsbourg,Charlotte Lucy Ginsburg,1971-07-21,2rBcvLKWCZs9w1qIWv560v,Pop rock,https://i.scdn.co/image/ab6761610000e5eb5c6941ccec946b6e52c87362,https://fr.wikipedia.org/wiki/Charlotte_Gainsbourg
Cherish,Cherish,2003-01-01,1c70yCa8sRgIiQxl3HOEFo,Rhythm and blues,https://i.scdn.co/image/ab6761610000e5ebed896a298ee61f6cec91abc4,https://fr.wikipedia.org/wiki/Cherish_(groupe)
Chingy,"Howard Bailey, Jr.",1980-03-09,3s2wTjWxK8NOX09dmsvVOh,Rap music,https://i.scdn.co/image/ab6761610000e5ebec6d65f8f8a7a95d6c6817d7,https://fr.wikipedia.org/wiki/Chingy
Chris Lake,nan,1982-08-08,5Igpc9iLZ3YGtKeYfSrrOE,Electro house,https://i.scdn.co/image/ab6761610000e5eb3c4c752f83e79a2f4f84341b,https://fr.wikipedia.org/wiki/Chris_Lake
Christina Aguilera,Christina María Aguilera,1980-12-18,1l7ZsJRRS8wlW3WfJfPfNS,Rhythm and blues,https://i.scdn.co/image/ab6761610000e5eb1fb7a2d94b56df1f8a61d779,https://fr.wikipedia.org/wiki/Christina_Aguilera
Christine and the Queens,Héloïse Adélaïde Letissier,1988-06-01,04vj3iPUiVh5melWr0w3xT,French pop,https://i.scdn.co/image/ab6761610000e5eb15f9f86c69d8db2f685b3792,https://fr.wikipedia.org/wiki/Christine_and_the_Queens
Chronixx,nan,1992-10-10,2oZcMYiKpjaA2Et5mU3RPP,nan,https://i.scdn.co/image/ab6761610000e5ebff811e1e25b9cf99dc4e544f,https://fr.wikipedia.org/wiki/Chronixx
Ciara,Ciara Princess Harris,1985-01-25,2NdeV5rLm47xAvogXrYhJX,Rhythm and blues,https://i.scdn.co/image/ab6761610000e5eb7aba0bf3576fe56c2b367c83,https://fr.wikipedia.org/wiki/Ciara_(chanteuse)
Cigarettes After Sex,Cigarettes After Sex,2008-01-01,1QAJqy2dA3ihHBFIHRphZj,nan,https://i.scdn.co/image/ab6761610000e5eb0e871e0389b9722cc12a4118,https://fr.wikipedia.org/wiki/Cigarettes_After_Sex
Clams Casino,Michael Volpe,1987-01-12,5vSQUyT33qxr1xAX2Tkf3A,Rap music,https://i.scdn.co/image/ab6761610000e5ebeb01ceedf9eb7f7cf92b634a,https://fr.wikipedia.org/wiki/Clams_Casino
Coi Leray,Coi Leray Collins,1997-01-11,6AMd49uBDJfhf30Ak2QR5s,Rap music,https://i.scdn.co/image/ab6761610000e5eb0a97a385fa987c53d232184b,https://fr.wikipedia.org/wiki/Coi_Leray
Colbie Caillat,Colbie Marie Caillat,1985-05-28,6aZyMrc4doVtZyKNilOmwu,Pop soul,https://i.scdn.co/image/ab6761610000e5eb08635ff0ed30023d2ee764a1,https://fr.wikipedia.org/wiki/Colbie_Caillat
Colby O'Donis,Colby O'Donis Colón,1989-03-14,7fObcBw9VM3x7ntWKCYl0z,nan,https://i.scdn.co/image/ab6761610000e5eb2c44e078944196a8c1eec256,https://fr.wikipedia.org/wiki/Colby_O%27Donis
Commodores,Commodores,1968-01-01,6twIAGnYuIT1pncMAsXnEm,Funk,https://i.scdn.co/image/ab6761610000e5eb21a213a4fe1a6f9b45d3f7f9,https://fr.wikipedia.org/wiki/Commodores
Coolio,Artis Leon Ivey,1996-08-01,3y24n3XhZ96wgwRXjvS17T,Rap music,https://i.scdn.co/image/ab6761610000e5eb5ea53fc78df8f7e7559e228d,https://fr.wikipedia.org/wiki/Coolio
Corinne Bailey Rae,,1979-02-26,5gFZo6Oh5WehnbEj0XtxiF,Rhythm and blues,https://i.scdn.co/image/ab6761610000e5eb102a1c8e6a4838425728d673,https://fr.wikipedia.org/wiki/Corinne_Bailey_Rae
Corneille,Cornelius Nyungura,1977-01-24,2GBDOaCl73BVUs2RerIme7,Rhythm and blues,https://i.scdn.co/image/ab6761610000e5eb8dd642e3a61cd544d9abfee7,https://fr.wikipedia.org/wiki/Corneille_(chanteur)
Craig David,Craig Ashley David,1981-05-05,2JyWXPbkqI5ZJa3gwqVa0c,Rhythm and blues,https://i.scdn.co/image/ab6761610000e5ebf5fa84e65aeb19b122aae9cb,https://fr.wikipedia.org/wiki/Craig_David
Culture Club,Culture Club,1981-01-01,6kz53iCdBSqhQCZ21CoLcc,New wave,https://i.scdn.co/image/ab6761610000e5eb5903965a15551fd12feb8b87,https://fr.wikipedia.org/wiki/Culture_Club
Cyndi Lauper,Cynthia Ann Stephanie Lauper,1953-06-22,2BTZIqw0ntH9MvilQ3ewNY,Pop rock,https://i.scdn.co/image/ab6761610000e5eb72f5bad471601240967563d6,https://fr.wikipedia.org/wiki/Cyndi_Lauper
Cœur De Pirate,Béatrice  Mireille Martin,1989-09-22,5j4HeCoUlzhfWtjAfM1acR,French pop,https://i.scdn.co/image/ab6761610000e5ebcc129f1c9b5047760d66aae2,https://fr.wikipedia.org/wiki/C%C5%93ur_de_pirate
DARKSIDE,DARKSIDE,2011-01-01,2933wDUojoQmvqSdTAE5NB,nan,https://i.scdn.co/image/ab6761610000e5ebedbd92a9fcc728efed3e89b8,https://fr.wikipedia.org/wiki/Darkside
DJ Tira,nan,1975-12-23,4FC2wXrDWr5lLCZeAUgfVn,nan,https://i.scdn.co/image/ab6761610000e5eb91b0f2590693ad44d3377c1e,https://fr.wikipedia.org/wiki/DJ_Tira
DMX,Earl Simmons,1970-01-18,1HwM5zlC5qNWhJtM00yXzG,Rap music,https://i.scdn.co/image/ab6761610000e5ebd3258669d149a2e4e247a3d2,https://fr.wikipedia.org/wiki/DMX_(rappeur)
DaBaby,Jonathan Lyndale Kirk,1991-12-22,4r63FhuTkUYltbVAg5TQnk,Rap music,https://i.scdn.co/image/ab6761610000e5ebbd6918901c1714560669f570,https://fr.wikipedia.org/wiki/DaBaby
Dae Dae,nan,1994-05-07,41LfjfTCcTCUdykJqNyFw8,Rap music,https://i.scdn.co/image/ab6761610000e5eb1d9ba2e65ac287e19968fae5,
Daft Punk,Daft Punk,1993-01-01,4tZwfgrHOc3mvqYlEYSvVi,nan,https://i.scdn.co/image/ab6761610000e5eba7bfd7835b5c1eee0c95fa6e,https://fr.wikipedia.org/wiki/Daft_Punk
Damso,William Kalubi Mwamba,1992-05-10,2UwqpfQtNuhBwviIC0f2ie,Rap music,https://i.scdn.co/image/ab6761610000e5eb2c7ede97239d20260baa9cdc,https://fr.wikipedia.org/wiki/Damso
Danger,nan,1984-03-16,5jco0Od4vChi5xTq1EZDRn,nan,https://i.scdn.co/image/ab67616d0000b2734f6a47e662f88252a96365ca,https://fr.wikipedia.org/wiki/Danger_(musicien)
David Banner,Lavell Adrian Crump,1973-04-11,7jFaoqWPhYLrKzjzlpXmUO,Rhythm and blues,https://i.scdn.co/image/4313930ec65d6adbafdcffe5f08270de828a79df,https://fr.wikipedia.org/wiki/David_Banner
Davido,Davido Adedeji Adeleke,1992-01-21,0Y3agQaa6g2r0YmHPOO9rh,Afrobeat,https://i.scdn.co/image/ab6761610000e5eb057fdb13352beee124b79051,https://fr.wikipedia.org/wiki/Davido
Depeche Mode,Depeche Mode,1980-01-01,762310PdDnwsDxAQxzQkfX,nan,https://i.scdn.co/image/ab6761610000e5ebaff13c9484fdad590ccfb73c,https://fr.wikipedia.org/wiki/Depeche_Mode
Des'ree,Desiree Annette Weekes,1968-11-30,73ZPfpfg1LBVvDEArK4l5B,Rhythm and blues,https://i.scdn.co/image/ab6761610000e5eb93b0ecceb2fec8e515bdac37,https://fr.wikipedia.org/wiki/Des%27ree
Desiigner,Sidney Royel Selby III,1997-05-03,7pFeBzX627ff0VnN6bxPR4,Rap music,https://i.scdn.co/image/ab6761610000e5eb7142aa94e6774b71d88eb3bd,https://fr.wikipedia.org/wiki/Desiigner
Destiny's Child,Destiny's Child,1990-01-01,1Y8cdNmUJH7yBTd9yOvr5i,Rhythm and blues,https://i.scdn.co/image/ab6761610000e5ebf75e64532704bd6acf0b4e76,https://fr.wikipedia.org/wiki/Destiny%27s_Child
Devonte,nan,,0M1ImWN3uInxUCZVIE9uxa,nan,https://i.scdn.co/image/ab6761610000e5eb409b7842b75d071739f2eaa8,
Diamond Platnumz,Naseeb Abdul Juma,1989-10-02,3cAisWS37sGCCtRgWfvrod,nan,https://i.scdn.co/image/ab6761610000e5ebdd3584a621a443882fbdfc7d,https://fr.wikipedia.org/wiki/Diamond_Platnumz
Dido,Dido Florian Cloud de Bounevialle O'Malley Armstrong,1971-12-25,2mpeljBig2IXLXRAFO9AAs,nan,https://i.scdn.co/image/ab6761610000e5ebf36e7b59cdaa0df8bee8e63f,https://fr.wikipedia.org/wiki/Dido_(chanteuse)
Dionne Warwick,Marie Dionne Warrick,1940-12-12,2JSjCHK79gdaiPWdKiNUNp,Rhythm and blues,https://i.scdn.co/image/ab6761610000e5eb460f728695000dadb44a4e8c,https://fr.wikipedia.org/wiki/Dionne_Warwick
Disclosure,Disclosure,2010-01-01,6nS5roXSAGhTGr34W6n7Et,nan,https://i.scdn.co/image/ab6761610000e5eb3faf416d3be99d63fec18baa,https://fr.wikipedia.org/wiki/Disclosure_(groupe)
Discobitch,Discobitch,2008-01-01,48vWW7ozlrI3oT6zecxDUV,Electro music,https://i.scdn.co/image/ab67616d0000b273aefb45a6e8a68685b3b3a025,https://fr.wikipedia.org/wiki/Discobitch
Distruction Boyz,Distruction Boyz,2012-01-01,44MG6uiTa2VeYlcy6VKDXe,nan,https://i.scdn.co/image/ab6761610000e5eb35d00cd4724f50c8142ea630,https://fr.wikipedia.org/wiki/Distruction_Boyz
Dladla Mshunqisi,nan,1983-09-25,5M9mFjVaPT2T1HFYFFSoCt,nan,https://i.scdn.co/image/ab6761610000e5eb37606bb1b959a7bd8bef63a5,
Doja Cat,Amala Ratna Zandile Dlamini,1995-01-21,5cj0lLjcoR7YOSnhnX0Po5,Bitpop,https://i.scdn.co/image/ab6761610000e5ebe94f88ff74ae4ddcab961f97,https://fr.wikipedia.org/wiki/Doja_Cat
Doris Day,Doris Mary Kappelhoff,1922-04-03,3ESG6pj6a0LvUKklENalT6,Pop rock,https://i.scdn.co/image/c11bb32e6a96a88cffce8f459ca93ef0bbc12ec6,https://fr.wikipedia.org/wiki/Doris_Day
Dr. Dre,Andre Romelle Young,1965-02-18,6DPYiyq5kWVQS4RGwxzPC7,Rap music,https://i.scdn.co/image/170254ebdd747f4e7045df1cae8f11a42dc1a547,https://fr.wikipedia.org/wiki/Dr._Dre
Drake,Drake Aubrey Graham,1986-01-24,3TVXtAsR1Inumwj472S9r4,Rap music,https://i.scdn.co/image/ab6761610000e5eb4293385d324db8558179afd9,https://fr.wikipedia.org/wiki/Drake_(rappeur)
Dru Hill,nan,,1255GTUKNCLCTvH9ctD4cT,nan,https://i.scdn.co/image/486972d0215af437990698714e81ffdc177ee82f,https://fr.wikipedia.org/wiki/Dru_Hill
Dua Lipa,,1995-01-22,6M2wZ9GZgrQXHCFfjv46we,Electropop,https://i.scdn.co/image/ab6761610000e5eb0c68f6c95232e716f0abee8d,https://fr.wikipedia.org/wiki/Dua_Lipa
Duffy,nan,1984-01-23,37NqXwtb6nIEqRt4EJSoIO,nan,https://i.scdn.co/image/ab6772690000dd2250e750d1aed632c37a450ffb,https://fr.wikipedia.org/wiki/Duffy_(chanteuse)
Duma Ntando,nan,,3Capes475wUe21Gzvk5gvA,nan,nan,
"Earth, Wind & Fire","Earth, Wind & Fire",1969-01-01,4QQgXkCYTt3BlENzhyNETg,nan,https://i.scdn.co/image/ab6761610000e5eb9722e16a886767adf1178f92,"https://fr.wikipedia.org/wiki/Earth,_Wind_and_Fire"
Ed Sheeran,Edward Christopher Sheeran,1991-02-17,6eUKZXaKkcviH0Ku9w2n3V,Folk pop,https://i.scdn.co/image/ab6761610000e5eb784daff754ecfe0464ddbeb9,https://fr.wikipedia.org/wiki/Ed_Sheeran
Edward Maya,Eduard Marian Ilie,1986-06-29,6XwwFnewNgWp81MYMK8zLq,Folk pop,https://i.scdn.co/image/ab6761610000e5eb877f1dbdef641d7e31c90d4c,https://fr.wikipedia.org/wiki/Edward_Maya
Elephant Man,nan,1975-09-11,6NOvBZrkd83MSD51xkq4on,nan,https://i.scdn.co/image/11b5d170e9899db7033a38fcacfcf3a746d06d76,https://fr.wikipedia.org/wiki/Elephant_Man
Ellie Goulding,Elena Jane Goulding,1986-12-30,0X2BH1fck6amBIoJhDVmmJ,Pop rock,https://i.scdn.co/image/ab6761610000e5ebc3cd7dc428871e8985d62b9a,https://fr.wikipedia.org/wiki/Ellie_Goulding
Elvis Presley,Elvis Aaron Presley,1935-01-08,43ZHCT0cAZBISjO8DG9PnE,Rock and roll,https://i.scdn.co/image/ab6761610000e5eb9a93e273380982dff84c0d7c,https://fr.wikipedia.org/wiki/Elvis_Presley
Emilie Simon,Émilie Marie Simon,1978-07-17,6kLw7VpGwN4N0sBdmKhhfd,French pop,https://i.scdn.co/image/ab6761610000e5eb2940ee9508c7ae72b8dd873b,https://fr.wikipedia.org/wiki/Emilie_Simon
Eminem,Marshall Bruce Mathers III,1972-10-17,7dGJo4pcD2V6oG8kP0tJRR,Rap music,https://i.scdn.co/image/ab6761610000e5eba00b11c129b27a88fc72f36b,https://fr.wikipedia.org/wiki/Eminem
En Vogue,En Vogue,1989-01-01,5fikk4h5qbEebqK2Fc6e48,Rhythm and blues,https://i.scdn.co/image/ab6761610000e5eb6bb7f8ea26ac28c8d18efd8e,https://fr.wikipedia.org/wiki/En_Vogue
Ephemera,Ephemera,1994-01-01,64xAHfAOo1FcDxFDrnBgmr,nan,https://i.scdn.co/image/ab6761610000e5ebcade8fbbec364a37e1a4998e,https://fr.wikipedia.org/wiki/Ephemera
Eurythmics,Eurythmics,1980-01-01,0NKDgy9j66h3DLnN8qu1bB,Electro house,https://i.scdn.co/image/ab6761610000e5eb145a01fb993c3088fe6ac5e7,https://fr.wikipedia.org/wiki/Eurythmics
Evanescence,Evanescence,1995-01-01,5nGIFgo0shDenQYSE0Sn7c,Pop rock,https://i.scdn.co/image/ab6761610000e5eb7ecf213c7dd78e0049379c5b,https://fr.wikipedia.org/wiki/Evanescence
Eve,Eve Jihan Jeffers-Cooper,1978-01-10,58oPVy7oihAEXE0Ott6JOf,Rap music,https://i.scdn.co/image/ab6761610000e5ebcf1059806aef122d3b7cf0f0,https://fr.wikipedia.org/wiki/Eve_(artiste)
Fally Ipupa,Fally Ipupa Nsimba,1977-12-14,6IflU2YrY5Cyw7YoBICosV,Ndombolo,https://i.scdn.co/image/ab6761610000e5ebaef56a6cfdcc53e6e8865579,https://fr.wikipedia.org/wiki/Fally_Ipupa
Fanny J,Fanny Jacques André Coquin,1987-10-06,4UDmRorEV3n7LrvphaEKkw,Zouk,https://i.scdn.co/image/ab6761610000e5eb289fd09110048748d284f44c,
Fat Joe,Joseph Antonio Cartagena,1970-08-19,3ScY9CQxNLQei8Umvpx5g6,Rhythm and blues,https://i.scdn.co/image/ab6761610000e5eba1fe5b14818dd48f0efbf919,https://fr.wikipedia.org/wiki/Fat_Joe
Fat Man Scoop,nan,1971-01-31,15GGbJKqC6w0VYyAJtjej6,nan,https://i.scdn.co/image/ab6761610000e5eb0a79b0e631f15a9ad1a1e779,
Fatal Bazooka,Fatal Bazooka,2006-01-01,68DWke2VjdDmA75aJX5C57,French pop,https://i.scdn.co/image/ab6761610000e5eb009e7843e0c929a1f2c34c27,https://fr.wikipedia.org/wiki/Fatal_Bazooka
Feist,Leslie Feist,1976-01-13,6CWTBjOJK75cTE8Xv8u1kj,Pop rock,https://i.scdn.co/image/ab6761610000e5ebe062176ee3682ca24d6fddd7,https://fr.wikipedia.org/wiki/Leslie_Feist
Fergie,Stacy Ann Ferguson,1975-01-27,3r17AfJCCUqC9Lf0OAc73G,Pop soul,https://i.scdn.co/image/ab6761610000e5eb1fd1c6d465e03a904d63c9b5,https://fr.wikipedia.org/wiki/Fergie_(chanteuse)
Fifth Harmony,Fifth Harmony,2012-01-01,1l8Fu6IkuTP0U5QetQJ5Xt,Traditional pop music,https://i.scdn.co/image/ab6761610000e5eb5acb3cb0a8b87d3952738b97,https://fr.wikipedia.org/wiki/Fifth_Harmony
Fireboy DML,Adedamola Adefolahan,1996-02-05,75VKfyoBlkmrJFDqo1o2VY,Afrobeat,https://i.scdn.co/image/ab6761610000e5eb833675081693a864702b2084,https://fr.wikipedia.org/wiki/Fireboy_DML
Flavien Berger,Flavien Berger,1986-07-02,5PyU5aVBI66v0pkCIvEJfu,2 Tone,https://i.scdn.co/image/ab6761610000e5eb26b1433693a8e356b430f1fe,https://fr.wikipedia.org/wiki/Flavien_Berger
Flavour,nan,1983-11-23,0oKNR4ahj1CPnK2kQmbOfo,nan,https://i.scdn.co/image/ab6761610000e5ebab245685296531fb3df5d48f,https://fr.wikipedia.org/wiki/Flavour_N%27abania
Flipmode Squad,Flipmode Squad,1996-01-01,7JXCJDLGh1k9cg6JbYCpYl,Rhythm and blues,https://i.scdn.co/image/ab67616d0000b27323436e32ad40bb78d3610f8d,https://fr.wikipedia.org/wiki/Flipmode_Squad
Flo Milli,Tamia Monique Carter,2000-01-09,08PvCOlef4xdOr20jFSTPd,Rap music,https://i.scdn.co/image/ab6761610000e5eb2dd4342359c7b3aca2bca63c,https://fr.wikipedia.org/wiki/Flo_Milli
Foreigner,Foreigner,1976-01-01,6IRouO5mvvfcyxtPDKMYFN,nan,https://i.scdn.co/image/ab6761610000e5ebb338d6964565206f741d5ad1,https://fr.wikipedia.org/wiki/Foreigner
Foxes,nan,1989-04-29,7qRll6DYV06u2VuRPAVqug,nan,https://i.scdn.co/image/ab6761610000e5ebadb663c00fcc431448abfcb4,https://fr.wikipedia.org/wiki/Foxes_(chanteuse)
Foxy Brown,Inga DeCarlo Fung Marchand,1978-09-06,1wvlC6NwleHt1iRD6d5X2C,Rhythm and blues,https://i.scdn.co/image/ae4905a8c03a0643faf42310aa4962b5374aa206,https://fr.wikipedia.org/wiki/Foxy_Brown_(rappeur)
French Montana,Karim Kharbouch,1984-11-09,6vXTefBL93Dj5IqAWq6OTv,nan,https://i.scdn.co/image/ab6761610000e5ebadb2f8e09c3e3171956aafe4,https://fr.wikipedia.org/wiki/French_Montana
Fugees,Fugees,1990-01-01,2WKdxPFRD7IqZvlIAvhMgY,Rhythm and blues,https://i.scdn.co/image/52bae8b59a21ec1ee6bc07a1e08382333bea27d6,https://fr.wikipedia.org/wiki/Fugees
Future,Nayvadius DeMun Wilburn,1983-01-20,1RyvyyTE3xzB2ZywiAwp0i,Rap music,https://i.scdn.co/image/ab6761610000e5eb7565b356bc9d9394eefa2ccb,https://fr.wikipedia.org/wiki/Future_(rappeur)
GS Boyz,GS Boyz,2004-01-01,7Ej52CNJlhlwWROkrcjKLL,Rap music,https://i.scdn.co/image/ab6761610000e5ebecd1cf094ae8d075cd1b34a2,
Gabriella Cilmi,Gabriella Lucia Cilmi,1991-10-10,5v2GEv1pQaCp6oeOQROdKE,Rhythm and blues,https://i.scdn.co/image/ab6761610000e5eb317b44f735751dade05cdae7,https://fr.wikipedia.org/wiki/Gabriella_Cilmi
Georges Brassens,Georges Charles Brassens,1921-10-22,5UWyW1PcEM8coxeqg3RIHr,French pop,https://i.scdn.co/image/ab6761610000e5ebaa16370f435f9f9a99813417,https://fr.wikipedia.org/wiki/Georges_Brassens
GloRilla,Gloria Hallelujah Woods,1999-01-28,2qoQgPAilErOKCwE2Y8wOG,Rap music,https://i.scdn.co/image/ab6761610000e5ebc33cf3ad025517202d8efbc0,https://fr.wikipedia.org/wiki/GloRilla
Gotan Project,Gotan Project,1999-01-01,44ejFPE33H5aOInxNV2BFP,nan,https://i.scdn.co/image/ab6761610000e5ebfc6bddb68122d983a934a4b2,https://fr.wikipedia.org/wiki/Gotan_Project
Gucci Mane,Radric Delantic Davis,1980-02-12,13y7CgLHjMVRMDqxdx0Xdo,nan,https://i.scdn.co/image/ab6761610000e5ebb9b77f64bd278ffde2c94428,https://fr.wikipedia.org/wiki/Gucci_Mane
Gunna,Sergio Giavanni Kitchens,1993-01-14,2hlmm7s2ICUX0LVIhVFlZQ,Rap music,https://i.scdn.co/image/ab6761610000e5ebb978b95b8e03351df8e103af,https://fr.wikipedia.org/wiki/Gunna_(rappeur)
Gwen Stefani,Gwen Renée Stefani,1969-01-03,4yiQZ8tQPux8cPriYMWUFP,Britpop,https://i.scdn.co/image/ab6761610000e5eb64b94bebbaee56f793e24853,https://fr.wikipedia.org/wiki/Gwen_Stefani
H.E.R,nan,1997-06-27,3Y7RZ31TRPVadSFVy1o8os,nan,https://i.scdn.co/image/ab6761610000e5eb417db49cde3ed1c5a65e3514,https://fr.wikipedia.org/wiki/H.E.R.
Handel,nan,1685-02-23,1QL7yTHrdahRMpvNtn6rI2,nan,https://i.scdn.co/image/80e4fa2aac467af1b0a13201b585ae0ca27367dc,https://fr.wikipedia.org/wiki/Georg_Friedrich_H%C3%A4ndel
Helmut Fritz,Éric Greff,1975-07-19,5xsFbfm9lL1iTOvX3hXpoK,nan,https://i.scdn.co/image/ab6761610000e5eb56f2a9ca29e6f7293339bae9,https://fr.wikipedia.org/wiki/Helmut_Fritz
HollyG,HollyG,,6zyKieIrkN8p44Z1JdPNde,Bouyon,https://i.scdn.co/image/ab6761610000e5eb959cf1b59b390757bb324c93,
Hooverphonic,Hooverphonic,1995-01-01,5EP020iZcwBqHRnJftibXX,nan,https://i.scdn.co/image/ab6761610000e5eb1f66a237db39260155162f93,https://fr.wikipedia.org/wiki/Hooverphonic
Imogen Heap,Imogen Jennifer Jane Heap,1977-12-09,6Xb4ezwoAQC4516kI89nWz,nan,https://i.scdn.co/image/ab6761610000e5eb7ed0386d30b59531eddd34ba,https://fr.wikipedia.org/wiki/Imogen_Heap
Inez,nan,,2sGGaKKex7GgNlH1DRXZSa,nan,https://i.scdn.co/image/ab6761610000e5ebde82d4278b2c3223bb4c63b2,
Innoss'B,Innocent Didace Balume,1997-05-05,1nLQWXXs7ZauI4SC6rUFPV,nan,https://i.scdn.co/image/ab6761610000e5ebf6649911e14b5c431098f744,https://fr.wikipedia.org/wiki/Innoss%27B
Inside Llewyn Davis OST,nan,,5qEtLvXzYdv0G7c7rR6irX,nan,https://i.scdn.co/image/ab67616d0000b27359a6022f671f929b9979011d,
J Balvin,José Álvaro Osorio Balvin,1985-01-07,nan,Reggaeton,nan,https://fr.wikipedia.org/wiki/J_Balvin
Jabberwocky,Jabberwocky,2009-01-01,7AVxhrWi3oA5Setg6vvAoT,nan,https://i.scdn.co/image/ab6761610000e5eb7ee6b5a8687801d515ae3909,https://fr.wikipedia.org/wiki/Jabberwocky_(groupe)
Jain,nan,1992-02-07,2HHmvvSQ44ePDH7IKVzgK0,nan,https://i.scdn.co/image/ab6761610000e5eb887264fafa6634019ce9bd11,https://fr.wikipedia.org/wiki/Jain_(chanteuse)
Jamelia,Jamelia Niela Davis,1981-01-11,3f5W9NEwkc1SAIPFuumcaf,Rhythm and blues,https://i.scdn.co/image/ab67616d0000b273ac27b4f5d1ad74f433274cd5,https://fr.wikipedia.org/wiki/Jamelia
James Bay,nan,1990-09-04,4EzkuveR9pLvDVFNx6foYD,nan,https://i.scdn.co/image/ab6761610000e5eb58d57084e75247d33ce25eaf,https://fr.wikipedia.org/wiki/James_Bay
James Blake,nan,1988-09-26,53KwLdlmrlCelAZMaLVZqU,nan,https://i.scdn.co/image/ab6761610000e5eb93fe5fc8fdb5a98248911a07,https://fr.wikipedia.org/wiki/James_Blake
James Brown,James Joseph Brown,1933-05-03,7GaxyUddsPok8BuhxN6OUW,Soul,https://i.scdn.co/image/ab6761610000e5eb158342aa8bb8a192c778f2a5,https://fr.wikipedia.org/wiki/James_Brown
Janet Jackson,Janet Damita Jo Jackson,1966-01-16,4qwGe91Bz9K2T8jXTZ815W,Rhythm and blues,https://i.scdn.co/image/ab6761610000e5ebbe81fceb268078b7cecabaf5,https://fr.wikipedia.org/wiki/Janet_Jackson
Jason Mraz,Jason Thomas Mraz,1977-06-23,4phGZZrJZRo4ElhRtViYdl,nan,https://i.scdn.co/image/ab6761610000e5ebc3b370fc26c83312db52af14,https://fr.wikipedia.org/wiki/Jason_Mraz
Jay-Z,Shawn Corey Carter,1969-01-04,3nFkdlSjzX9mRTtwJOzDYB,Hip pop,https://i.scdn.co/image/ab6761610000e5ebc75afcd5a9027f60eaebb5e4,https://fr.wikipedia.org/wiki/Jay-Z
Jean Knight,Jean Caliste,1943-01-26,2Tk0pWxTuQgnE5nsUexrLr,nan,https://i.scdn.co/image/ab67616d0000b2735b221b78b425f3f4b45188d2,https://fr.wikipedia.org/wiki/Jean_Knight
Jennifer Lopez,Jennifer Lynn Lopez,1969-07-24,2DlGxzQSjYe5N6G9nkYghR,Latin pop,https://i.scdn.co/image/ab6761610000e5ebdc125248f01efbffd4efaaf4,https://fr.wikipedia.org/wiki/Jennifer_Lopez
Jennifer Paige,Jennifer Scoggins,1973-09-03,26PDtWYDJ1KD0brukKsJH1,Pop rock,https://i.scdn.co/image/ab6761610000e5eb6cb06b64535283ceab01d414,https://fr.wikipedia.org/wiki/Jennifer_Paige
Jeremih,Jeremy Philip Felton,1987-07-17,3KV3p5EY4AvKxOlhGHORLg,Rhythm and blues,https://i.scdn.co/image/ab6761610000e5eb8ddeab89a67542470e2631c8,https://fr.wikipedia.org/wiki/Jeremih
Jermaine Dupri,Jermaine Dupri Mauldin[1],1972-09-23,6nfYGe7IIuuP5bMY1jkJP6,Rhythm and blues,https://i.scdn.co/image/ab6761610000e5eb5b35a576c4e67e75bdc2fa68,https://fr.wikipedia.org/wiki/Jermaine_Dupri
Jessie J,Jessica Ellen Cornish,1988-01-27,2gsggkzM5R49q6jpPvazou,Dance-pop,https://i.scdn.co/image/ab6761610000e5eb91f0dd753c09e051675a1ca6,https://fr.wikipedia.org/wiki/Jessie_J
Jewel,Jewel Kilcher,1974-05-23,6FbDoZnMBTdhhhLuJBOOqP,nan,https://i.scdn.co/image/ab6761610000e5eb75a955fe415fd460bf1bf0f2,https://fr.wikipedia.org/wiki/Jewel_(chanteuse)
Jiva Phez'kombhede,nan,,1D86M7ewUQH1vS0QsXCmI9,Afrobeat,https://i.scdn.co/image/ab6761610000e5eb4a6f3766a23e91536d7ee6ed,
Joan Osborne,Joan Elizabeth Osborne,1962-07-08,0djV4iaxhNfYWpH60ia85o,nan,https://i.scdn.co/image/ab6761610000e5ebe521dfff71ae1299e3a02e26,https://fr.wikipedia.org/wiki/Joan_Osborne
Johann Sebastian Bach,nan,1685-03-31,5aIqB5nVVvmFsvSdExz408,Chamber music,https://i.scdn.co/image/a2ec08fe69ecec2748fbc764aede8f1b03ae8f88,https://fr.wikipedia.org/wiki/Johann_Sebastian_Bach
John Dahlback,nan,1985-10-13,15xvsJMf8phaNa1LYvL9Qv,nan,https://i.scdn.co/image/ab6761610000e5ebe324c01d3fb6b2b5af61f271,https://fr.wikipedia.org/wiki/Johan_Dahlb%C3%A4ck
John Lennon,John Winston Lennon,1940-01-09,2s4tjL6W3qrblOe0raIzwJ,nan,https://i.scdn.co/image/ab6761610000e5eb2cfed18861c121d7cfe9ee96,https://fr.wikipedia.org/wiki/John_Lennon
Johnny cash,J. R. Cash,1932-01-26,6kACVPfCOnqzgfEF5ryl0x,Rhythm and blues,https://i.scdn.co/image/ab6761610000e5eb94a8326675bfcafb20f0a235,https://fr.wikipedia.org/wiki/Johnny_Cash
Joss Stone,Joscelyn Eve Stoker,1987-04-11,7bvcQXJHkFiN1ppIN3q4fi,Rhythm and blues,https://i.scdn.co/image/ab6761610000e5ebaf8e9730026523b1ef1eedb8,https://fr.wikipedia.org/wiki/Joss_Stone
Joé Dwèt Filé,Joe Gilles,1995-01-12,26zgIfFyTCImkHAp5gwKW8,Konpa,https://i.scdn.co/image/ab6761610000e5ebc99e630f2bd18a0d83ad1aeb,https://fr.wikipedia.org/wiki/Jo%C3%A9_Dw%C3%A8t_Fil%C3%A9
Juanes,Juan Esteban Aristizábal Vásquez,1972-08-09,0UWZUmn7sybxMCqrw9tGa7,nan,https://i.scdn.co/image/ab6761610000e5eb330d24db775125dcec2c7b4c,https://fr.wikipedia.org/wiki/Juanes
Juicy J,nan,1975-04-05,nan,"('2 Tone', '2 Tone')",nan,https://fr.wikipedia.org/wiki/Juicy_J
Julie Zenatti,nan,1981-01-05,3CoYG5pUuCzGnXzPoOkaNY,nan,https://i.scdn.co/image/ab6761610000e5ebc623cbf85c3d91903107733f,https://fr.wikipedia.org/wiki/Julie_Zenatti
Julien Doré,nan,1982-07-07,6jStlKLflTMUN6BajxrNlj,nan,https://i.scdn.co/image/ab6761610000e5eba7475b5895e9a1d3800d60e4,https://fr.wikipedia.org/wiki/Julien_Dor%C3%A9
Justin Bieber,Justin Drew Bieber,1994-03-01,1uNFoZAHBGtllmzznpCI3s,Traditional pop music,https://i.scdn.co/image/ab6761610000e5eb8ae7f2aaa9817a704a87ea36,https://fr.wikipedia.org/wiki/Justin_Bieber
Justin Timberlake,Justin Randall Timberlake,1981-01-31,31TPClRtHm23RisEBtV3X7,Rhythm and blues,https://i.scdn.co/image/ab6761610000e5eb7a5cfe2597665a3d160e805e,https://fr.wikipedia.org/wiki/Justin_Timberlake
K Camp,Kristopher Campbell,1990-01-27,5bgfj5zUoWpyeVatGDjn6H,Rap music,https://i.scdn.co/image/ab6761610000e5eb2948cd9251b72583d6319140,https://fr.wikipedia.org/wiki/K_Camp
K-Ci & JoJo,nan,,05RZIdfz59ZW2FvFuwnmNK,Rhythm and blues,https://i.scdn.co/image/3de68d33a1cc5dd51b61ddf68e7471955ba8266c,https://fr.wikipedia.org/wiki/K-Ci_%26_JoJo
Kalash,Kevin Valleray,1988-01-12,6ytOHdKh4xt4YvF7tz8Zcv,Rap music,https://i.scdn.co/image/ab6761610000e5ebecec238e0724ccdc3401866b,https://fr.wikipedia.org/wiki/Kalash_(chanteur)
Kamini,Kamini Zantoko,1979-12-08,7wkxPRg2kNTzASm38ESobG,Rap music,https://i.scdn.co/image/ab67616d0000b27328b92a46f7291d038fdecfeb,https://fr.wikipedia.org/wiki/Kamini_(rappeur)
Kaoma,Kaoma,1987-01-01,1LsXqDdYVyONhrjAORENbu,nan,https://i.scdn.co/image/ab67616d0000b27370a92681f8aff88714cb0296,https://fr.wikipedia.org/wiki/Kaoma
Kash Doll,nan,1992-03-14,3u579Gdap91lMptBSdXTpf,Rap music,https://i.scdn.co/image/ab6761610000e5eb3ae964ef740d482d7cebcc1c,https://fr.wikipedia.org/wiki/Kash_Doll
Kat DeLuna,Kathleen Emperatriz DeLuna,1987-11-26,0bOlhT8OcoC1lCpN69NcFP,nan,https://i.scdn.co/image/ab6761610000e5ebaadbf3efa3011c328f847a26,https://fr.wikipedia.org/wiki/Kat_DeLuna
Kate Nash,Kate Marie Nash,1987-07-06,5vBKu1igxFo6g1sHADkIdg,nan,https://i.scdn.co/image/ab6761610000e5ebd12d6e0c00e078cf73744d9a,https://fr.wikipedia.org/wiki/Kate_Nash
Katie Melua,nan,1984-09-16,5uCXJWo3WoXgqv3T1RlAbh,Rhythm and blues,https://i.scdn.co/image/ab6761610000e5eb66cf8e94a58ca0238ecd0a9b,https://fr.wikipedia.org/wiki/Katie_Melua
Katie Noonan,nan,1977-11-19,4ch5DvHFpBlRtZAERVcfHr,nan,https://i.scdn.co/image/ab6761610000e5ebdff17ae1816023449961e44a,https://fr.wikipedia.org/wiki/Katie_Noonan
Katy Perry,Katheryn Elizabeth Hudson,1984-10-25,6jJ0s89eD6GaHleKKya26X,Pop rock,https://i.scdn.co/image/ab6761610000e5eb5e5f676a99a81dba06cc3db6,https://fr.wikipedia.org/wiki/Katy_Perry
Ke$ha,Kesha Rose Sebert,1987-03-01,6LqNN22kT3074XbTVUrhzX,nan,https://i.scdn.co/image/ab6761610000e5eb2ac07249400857d8b16dc17a,https://fr.wikipedia.org/wiki/Kesha
Keane,Keane,1995-01-01,53A0W3U0s8diEn9RhXQhVz,nan,https://i.scdn.co/image/ab6761610000e5eb92f6dba2793814a1c5aa8d35,https://fr.wikipedia.org/wiki/Keane_(groupe)
Kelis,Kelis Rogers Caloteira,1979-08-21,0IF46mUS8NXjgHabxk2MCM,Rhythm and blues,https://i.scdn.co/image/ab6761610000e5ebd1222863c4217cf03dde3613,https://fr.wikipedia.org/wiki/Kelis
Kelly Clarkson,Kelly Brianne Clarkson,1982-04-24,3BmGtnKgCSGYIUhmivXKWX,nan,https://i.scdn.co/image/ab6761610000e5eb20b8c7d395994dc81a85f291,https://fr.wikipedia.org/wiki/Kelly_Clarkson
Kelly Rowland,Kelendria Trene Rowland,1981-02-11,3AuMNF8rQAKOzjYppFNAoB,Rhythm and blues,https://i.scdn.co/image/ab6761610000e5eb7c614a2b3cedfc53e4679c2e,https://fr.wikipedia.org/wiki/Kelly_Rowland
Kendrick Lamar,Kendrick Lamar Duckworth,1987-01-17,2YZyLoL8N0Wb9xBt1NhZWg,Hip pop,https://i.scdn.co/image/ab6761610000e5eb39ba6dcd4355c03de0b50918,https://fr.wikipedia.org/wiki/Kendrick_Lamar
Kid Ink,Brian Todd Collins,1986-04-01,nan,"('2 Tone', '2 Tone')",nan,https://fr.wikipedia.org/wiki/Kid_Ink
Kim,nan,,526TMJFuJibm9j2p9td9Yp,Zouk,https://i.scdn.co/image/ab6761610000e5eb760b5cab64307663339b6762,
King africa,nan,1975-02-27,2vAu3qMgOvtukijgajuXhM,nan,https://i.scdn.co/image/ab6761610000e5ebaabb411dd2d09c0f6f7c5ed4,https://fr.wikipedia.org/wiki/King_Africa
Koba LaD,Marcel Junior Loutarila,2000-04-03,1q7T9rFQ2a2ukA1PU51fo3,Rap music,https://i.scdn.co/image/ab6761610000e5eb59d9403f63dbda10b2875c53,https://fr.wikipedia.org/wiki/Koba_LaD
Kodak Black,Dieuson Octave,1997-06-11,46SHBwWsqBkxI7EeeBEQG7,Rap music,https://i.scdn.co/image/ab6761610000e5eb70c05cf4dc9a7d3ffd02ba19,https://fr.wikipedia.org/wiki/Kodak_Black
Koffee,Mikayla Simpson,2000-02-16,1gWjcmBsveEYMxOZ0VRi32,nan,https://i.scdn.co/image/ab6761610000e5ebcd0a7077824ca67fe4ce2850,https://fr.wikipedia.org/wiki/Koffee
Koffi Olomide,Antoine  Christophe Agbepa Mumba[2],1956-07-13,7e14Bh8oZXNRmZxjhhTARb,nan,https://i.scdn.co/image/ab6761610000e5eb8e4b5946ca3ca42359d9b5ee,https://fr.wikipedia.org/wiki/Koffi_Olomide
Kool & The Gang,Kool & The Gang,1964-01-01,3VNITwohbvU5Wuy5PC6dsI,nan,https://i.scdn.co/image/ab6761610000e5eb69287c3f1b150bbead642499,https://fr.wikipedia.org/wiki/Kool_%26_the_Gang
Korede Bello,Korede Bello,1996-02-29,2TwUVWFJs4LD0lOBbJXnNa,nan,https://i.scdn.co/image/ab6761610000e5ebb1c20eed912deca20590da98,https://fr.wikipedia.org/wiki/Korede_Bello
Koxie,Laure Cohen,1977-02-26,54eDBxDgfcmO6jqlKg0XLb,nan,https://i.scdn.co/image/ab6761610000e5ebae7186179384c1f51aa2c14e,https://fr.wikipedia.org/wiki/Koxie
Kylie Minogue,Kylie Ann Minogue,1968-05-28,4RVnAU35WRWra6OZ3CbbMA,nan,https://i.scdn.co/image/ab6761610000e5eb9a8ae4546aa5fb59aac60262,https://fr.wikipedia.org/wiki/Kylie_Minogue
Kyo,Kyo,1997-01-01,15uQG9wIjrfNYm9rHcEFwS,nan,https://i.scdn.co/image/ab6761610000e5eb9ab4bce8ed6a72ab17b42ffc,https://fr.wikipedia.org/wiki/Kyo_(groupe)
Lady Gaga,Stefani Joanne Angelina Germanotta,1986-03-28,1HY2Jd0NmPuamShAr6KMms,Electropop,https://i.scdn.co/image/ab6761610000e5ebaadc18cac8d48124357c38e6,https://fr.wikipedia.org/wiki/Lady_Gaga
Latto,Alyssa Michelle Stephens,1998-12-22,3MdXrJWsbVzdn6fe5JYkSQ,Rap music,https://i.scdn.co/image/ab6761610000e5eba11b0b5c37498f5dddb1bd7b,https://fr.wikipedia.org/wiki/Latto
Led Zeppelin,Led Zeppelin,1968-01-01,36QJpDe2go2KgaRleHCDTp,nan,https://i.scdn.co/image/207803ce008388d3427a685254f9de6a8f61dc2e,https://fr.wikipedia.org/wiki/Led_Zeppelin
Leona Lewis,Leona Louise Lewis,1985-04-03,5lKZWd6HiSCLfnDGrq9RAm,Rhythm and blues,https://i.scdn.co/image/ab6761610000e5ebe9cf3862b8027eb5b9f6b831,https://fr.wikipedia.org/wiki/Leona_Lewis
Les Déesses,Les Déesses,2007-01-01,4zXAitgkrWokZ0zolMyJh9,Zouk,https://i.scdn.co/image/ab67616d0000b273f14b187f00167889b88d4317,https://fr.wikipedia.org/wiki/Les_D%C3%A9esses_(groupe_de_musique)
Lestef kjf boyz,nan,,1AEYRTRXesrGseS8nUFExp,Bouyon,https://i.scdn.co/image/ab6761610000e5eb6b1f9d1b131979663cfa93d2,
Lil Baby,Dominique Armani Jones,1994-12-03,5f7VJjfbwm532GiveGC0ZK,Rap music,https://i.scdn.co/image/ab6761610000e5eb6cad3eff5adc29e20f189a6c,https://fr.wikipedia.org/wiki/Lil_Baby
Lil Jon,Jonathan Mortimer Smith,1971-01-17,7sfl4Xt5KmfyDs2T3SVSMK,Rap music,https://i.scdn.co/image/ab6761610000e5ebf893feb44e74c8b4c15ecc95,https://fr.wikipedia.org/wiki/Lil_Jon
Lil Loaded,nan,2000-08-02,7scapvSjZLSm0fBgqGM0Mn,Rap music,https://i.scdn.co/image/ab6761610000e5eb8cc6644007a3c1510ba2e935,
Lil Uzi Vert,Symere Bysil Woods,1995-07-31,4O15NlyKLIASxsJ0PrXPfz,Rap music,https://i.scdn.co/image/ab6761610000e5eba8ce348f34f18241d3249fa9,https://fr.wikipedia.org/wiki/Lil_Uzi_Vert
Lil Wayne,Dwayne Michael Carter Jr.,1982-09-27,55Aa2cqylxrFIXC767Z865,Rap music,https://i.scdn.co/image/ab6761610000e5ebc1c08e541eae3cc82c6988c4,https://fr.wikipedia.org/wiki/Lil_Wayne
Lil Yachty,Miles Parks McCollum,1997-08-23,6icQOAFXDZKsumw3YXyusw,Rap music,https://i.scdn.co/image/ab6761610000e5eb86c7c38d4c8c461dba55035c,https://fr.wikipedia.org/wiki/Lil_Yachty
Lil' Kim,Kimberly Denise Jones,1974-07-11,5tth2a3v0sWwV1C7bApBdX,Rap music,https://i.scdn.co/image/ab6761610000e5eb44f424402a1933b745019107,https://fr.wikipedia.org/wiki/Lil%27_Kim
Lily Allen,Lily Rose Beatrice Allen,1985-05-02,13saZpZnCDWOI9D4IJhp1f,nan,https://i.scdn.co/image/ab6761610000e5eb4816f55146bf03d294005165,https://fr.wikipedia.org/wiki/Lily_Allen
Lisa Stansfield,Lisa Jane Stansfield,1966-04-11,2jS7I1u7BpgWT9ssG62Zr1,nan,https://i.scdn.co/image/ab6761610000e5ebf5030c0934958ec99d386bc4,https://fr.wikipedia.org/wiki/Lisa_Stansfield
Lizzo,Melissa Viviane Jefferson[1],1988-04-27,56oDRnqbIiwx4mymNEv7dS,Rhythm and blues,https://i.scdn.co/image/ab6761610000e5eb0d66b3670294bf801847dae2,https://fr.wikipedia.org/wiki/Lizzo
Lollipop,nan,,0mKVSDzKcL0qIbqDpcA0DP,Bouyon,https://i.scdn.co/image/ab6761610000e5eb68c411bc85ddf399a57b2f62,
London Grammar,London Grammar,2009-01-01,3Bd1cgCjtCI32PYvDC3ynO,nan,https://i.scdn.co/image/ab6761610000e5eb03fca863ba2e1e379ad19998,https://fr.wikipedia.org/wiki/London_Grammar
Lorie,Laure Pester,1982-05-02,2ixb8I8BVdLRywPPklssgM,French pop,https://i.scdn.co/image/ab6761610000e5ebabf69eecaf0149dc14db4c28,https://fr.wikipedia.org/wiki/Lorie
Los Del Rio,Los Del Rio,1962-01-01,2JXn03fudjyRkQ1Ye9f5rk,nan,https://i.scdn.co/image/ab6761610000e5eb80db2204010a200f07de58dc,https://fr.wikipedia.org/wiki/Los_Del_R%C3%ADo
Lud Foe X Z-Money,nan,,0Cu32uCaqDJYQADOev92Et,Rap music,https://i.scdn.co/image/ab6761610000e5ebde8a95961bcfb55f79382920,
Ludacris,Christopher Brian Bridges,1977-09-11,3ipn9JLAPI5GUEo4y4jcoi,Rap music,https://i.scdn.co/image/0515a0dfc9c25cd8290cc4be58abf6f66f21706a,https://fr.wikipedia.org/wiki/Ludacris
Luis Fonsi,Luis Alfonso Rodríguez López-Cepero Fonsi,1978-01-15,4V8Sr092TqfHkfAA5fXXqG,Latin pop,https://i.scdn.co/image/ab6761610000e5ebc75a7a555898c9a59602b32b,https://fr.wikipedia.org/wiki/Luis_Fonsi
Lykke Li,Li Lykke Timotej Svensson Zachrisson,1986-03-18,6oBm8HB0yfrIc9IHbxs6in,nan,https://i.scdn.co/image/ab6761610000e5eb0bf8a86c8e3a34bb4934abb7,https://fr.wikipedia.org/wiki/Lykke_Li
Lynyrd Skynyrd,Lynyrd Skynyrd,1964-01-01,4MVyzYMgTwdP7Z49wAZHx0,nan,https://i.scdn.co/image/ab6761610000e5eb451eb07ddc6e68d3e474c2bf,https://fr.wikipedia.org/wiki/Lynyrd_Skynyrd
M.C. Hammer,Stanley Kirk Burrell,1962-01-30,2rblp9fJo16ZPTcKDtlmKW,Rap music,https://i.scdn.co/image/80166b125a7e32ab55a867ca704c1f414d4ccc39,https://fr.wikipedia.org/wiki/MC_Hammer
M.O.P.,M.O.P.,1992-01-01,1BH45DVSTeGBvcYXNCd67g,Rap music,https://i.scdn.co/image/ab6761610000e5eb5cc50382a0668ae107a972d2,https://fr.wikipedia.org/wiki/M.O.P.
M83,M83,2001-01-01,63MQldklfxkjYDoUE4Tppz,nan,https://i.scdn.co/image/ab6761610000e5ebfdb74f864a7a2cca6014a8a6,https://fr.wikipedia.org/wiki/M83_(groupe)
MGMT,MGMT,2002-01-01,0SwO7SWeDHJijQ3XNS7xEE,nan,https://i.scdn.co/image/ab6761610000e5eb9dccdc8f4087cbe2bdedc9d3,https://fr.wikipedia.org/wiki/MGMT
MKL,nan,,57Vnemieu10x71jR2UWc4o,Rap music,https://i.scdn.co/image/ab6761610000e5eb04ecd72cd2181dfb4faec55a,
Macy Gray,Natalie Renee McIntyre,1967-09-06,4ylR3zwA0zaapAu94fktwa,Rhythm and blues,https://i.scdn.co/image/ab6761610000e5eb1f2b77b2426a741478bbbaf6,https://fr.wikipedia.org/wiki/Macy_Gray
MadeinTYO,Malcolm Jamaal Davis,1992-04-12,5SyGEPymt1G2uto47tVWvZ,nan,https://i.scdn.co/image/ab6761610000e5eba355df72cb79fb74616b7e23,https://fr.wikipedia.org/wiki/MadeinTYO
Maes,nan,1995-01-01,6L34dW6SKMSDaGIfYDU19j,Rap music,https://i.scdn.co/image/ab6761610000e5eb94d3aff5f84dfc8bf111f157,https://fr.wikipedia.org/wiki/Maes_(rappeur)
Mai Lan,Mai Lan Chapiron,1985-06-25,2mDibyYe7k76MBMSZDTGo1,nan,https://i.scdn.co/image/ab67616d0000b273ff63c911808bdaffd5db8d7f,https://fr.wikipedia.org/wiki/Mai_Lan
Major Lazer,Major Lazer,2008-01-01,738wLrAtLtCtFOLvQBXOXp,nan,https://i.scdn.co/image/ab6761610000e5eb133f44ab343b35c715a4ac97,https://fr.wikipedia.org/wiki/Major_Lazer
Mampintsha,nan,1978-03-24,2XyZibBnLI6ciT5J5ynkUK,nan,https://i.scdn.co/image/ab67616d0000b2733909c816b1a90b068a9c0635,https://fr.wikipedia.org/wiki/Mampintsha
Maravillas de Mali,nan,,3bOctOMNMbRy5E8treNpSK,nan,https://i.scdn.co/image/ab6761610000e5eb52c3eda25a30a403797078fd,
Mariah Carey,nan,1969-03-27,4iHNK0tOyZPYnBU7nGAgpQ,Rhythm and blues,https://i.scdn.co/image/ab6761610000e5eb35c3eff5d73f7e20ba3c9a2e,https://fr.wikipedia.org/wiki/Mariah_Carey
Maroon 5,Maroon 5,1994-01-01,04gDigrS5kc9YWfZHwBETP,nan,https://i.scdn.co/image/ab6761610000e5ebf8349dfb619a7f842242de77,https://fr.wikipedia.org/wiki/Maroon_5
Marvin Gaye,Marvin Pentz Gaye Jr.,1939-04-02,3koiLjNrgRTNbOwViDipeA,nan,https://i.scdn.co/image/f69e669cd95c6008c6220fd060982ff9516ed636,https://fr.wikipedia.org/wiki/Marvin_Gaye
Mary J. Blige,Mary Jane Blige,1971-01-11,1XkoF8ryArs86LZvFOkbyr,Rhythm and blues,https://i.scdn.co/image/ab6761610000e5eb3d7888ba4d2bf67fe6b64a55,https://fr.wikipedia.org/wiki/Mary_J._Blige
Massive Attack,Massive Attack,1988-01-01,6FXMGgJwohJLUSr5nVlf9X,nan,https://i.scdn.co/image/52c2a824e84f4e8adf0b12418f9f8306b4b5b77a,https://fr.wikipedia.org/wiki/Massive_Attack
Maureen,nan,1954-06-30,6WY7D3jk8zTrHtmkqqo5GI,Dancehall,https://i.scdn.co/image/ab6761610000e5eb3c3edcda95d7e66e7d4969d4,https://fr.wikipedia.org/wiki/Maureen_(chanteuse)
Megan Thee Stallion,Megan Jovon Ruth Pete,1995-02-15,181bsRPaVXVlUKXrxwZfHK,Rap music,https://i.scdn.co/image/ab6761610000e5eba300c2e412844ab60e397b1b,https://fr.wikipedia.org/wiki/Megan_Thee_Stallion
Meredith Brooks,Meredith Ann Brooks,1958-06-12,2QmLFuIDtNDmmJY3OtvinN,Electropop,https://i.scdn.co/image/56b19ef06c56431583675c2c16448b1993c669e9,https://fr.wikipedia.org/wiki/Meredith_Brooks
Mesparrow,nan,1987-02-07,5ai4H4duxTBym6XsFjuGlD,nan,https://i.scdn.co/image/ab6761610000e5eb2ed28965bff7cd75a373c153,https://fr.wikipedia.org/wiki/Mesparrow
Metro Boomin,Leland Tyler Wayne,1993-09-16,0iEtIxbK0KxaSlF7G42ZOp,nan,https://i.scdn.co/image/ab6761610000e5ebdf9a1555f53a20087b8c5a5c,https://fr.wikipedia.org/wiki/Metro_Boomin
Michael Jackson,Michael Joseph Jackson,1958-08-29,3fMbdgg4jU18AjLCKBhRSm,Rhythm and blues,https://i.scdn.co/image/ab6761610000e5eb997cc9a4aec335d46c9481fd,https://fr.wikipedia.org/wiki/Michael_Jackson
Migos,Migos,2008-01-01,6oMuImdp5ZcFhWP0ESe6mG,Rap music,https://i.scdn.co/image/ab6761610000e5ebf4593f7b778219838d858c34,https://fr.wikipedia.org/wiki/Migos
Mika,nan,1983-01-18,5MmVJVhhYKQ86izuGHzJYA,nan,https://i.scdn.co/image/ab6761610000e5ebc5adcd7630c57d002cc5a645,https://fr.wikipedia.org/wiki/Mika_(chanteur)
Mike WiLL Made,Michael Len Williams I,1989-01-23,0NWbwDZY1VkRqFafuQm6wk,Rap music,https://i.scdn.co/image/ab6761610000e5eba1b8879b06ed8204f15d9bc0,https://fr.wikipedia.org/wiki/Mike_Will_Made_It
Miley Cyrus,Destiny Hope Ray Cyrus,1992-01-23,55fhWPvDiMpLnE4ZzNXZyW,Electropop,https://i.scdn.co/image/ab6761610000e5eb8dd6d79e9fd4d7a80875b1a3,https://fr.wikipedia.org/wiki/Miley_Cyrus
Milky Chance,Milky Chance,2012-01-01,1hzfo8twXdOegF3xireCYs,nan,https://i.scdn.co/image/ab6761610000e5eb44692946203bdd94759116e3,https://fr.wikipedia.org/wiki/Milky_Chance
Milow,nan,1981-07-14,6mo0UbyIvIePdXNyLwQlk5,nan,https://i.scdn.co/image/ab6761610000e5ebd8167838eeea4e8cddfcc045,https://fr.wikipedia.org/wiki/Milow
Mis-Teeq,Mis-Teeq,2000-01-01,6csA2rxNLkQJXeEa7lyGXn,Rhythm and blues,https://i.scdn.co/image/ab6761610000e5eb01604c583eee95123e61098c,https://fr.wikipedia.org/wiki/Mis-Teeq
Missy Elliott,Melissa Arnette Elliott,1971-07-01,2wIVse2owClT7go1WT98tk,Rhythm and blues,https://i.scdn.co/image/ab6761610000e5ebf6691f40d906f097e9fbaa4c,https://fr.wikipedia.org/wiki/Missy_Elliott
Moriarty,Moriarty,1995-01-01,3iTsJGG39nMg9YiolUgLMQ,Folk pop,https://i.scdn.co/image/75416e947bf832f9181500e2da9ebd5feed53d93,https://fr.wikipedia.org/wiki/Moriarty_(groupe)
Mory Kanté,nan,1950-03-29,0roLSs1WqlurDniSZ1pttN,nan,https://i.scdn.co/image/96548389c36f0fa76fa5b3f1bf1118ac67074227,https://fr.wikipedia.org/wiki/Mory_Kant%C3%A9
Mr Eazi,Oluwatosin Ajibade,1987-07-19,4TAoP0f9OuWZUesao43xUW,nan,https://i.scdn.co/image/ab6761610000e5eb6bb92fd0515f7bb07ec67a98,https://fr.wikipedia.org/wiki/Mr_Eazi
Mr.President,nan,,5yj6LsFcAIhJvsrRnF02Gl,Eurodance,nan,https://fr.wikipedia.org/wiki/Mr._President
Mungo Jerry,Mungo Jerry,1970-01-01,2mbvqMGpwLsakeH45p1Jrb,nan,https://i.scdn.co/image/ab6761610000e5eb63d7307f5e3c9f7538af6877,https://fr.wikipedia.org/wiki/Mungo_Jerry
Murda Beatz,Shane Lee Lindstrom,1994-01-11,nan,"('2 Tone', '2 Tone')",nan,https://fr.wikipedia.org/wiki/Murda_Beatz
My American Heart,My American Heart,2002-01-01,40ahTPmIE9WQOOTutV1dwc,nan,https://i.scdn.co/image/ab6761610000e5eb54bc48d8b533fbe67a406679,
Mya,Mýa Marie Harrison,1979-10-10,6lHL3ubAMgSasKjNqKb8HF,Rhythm and blues,https://i.scdn.co/image/ab6761610000e5ebfdc389563fdfb51527f4603d,https://fr.wikipedia.org/wiki/Mya
NLE Choppa,Bryson Lashun Potts,2002-11-01,0ErzCpIMyLcjPiwT4elrtZ,Rap music,https://i.scdn.co/image/ab6761610000e5ebe2c985e8509fc8788a5a5208,https://fr.wikipedia.org/wiki/NLE_Choppa
Natalie Imbruglia,Natalia Jane Imbruglia,1975-02-04,0dlOr0VIysztGWvU1dpjmP,nan,https://i.scdn.co/image/ab6761610000e5eb2e023776b822635846e1f5f1,https://fr.wikipedia.org/wiki/Natalie_Imbruglia
Natasha Bedingfield,Natasha Anne Bedingfield,1981-11-26,7o95ZoZt5ZYn31e9z1Hc0a,nan,https://i.scdn.co/image/ab6761610000e5eb15f48264917c2b09a573ecc7,https://fr.wikipedia.org/wiki/Natasha_Bedingfield
Natasha St-Pier,Natasha Saint-Pierre,1981-02-10,1miK7RIscxXIgQgHQ0G7ch,nan,https://i.scdn.co/image/ab6761610000e5ebcd55923ff87894189b6884aa,https://fr.wikipedia.org/wiki/Natasha_St-Pier
Nelly Furtado,Nelly Kim Furtado,1978-12-02,2jw70GZXlAI8QzWeY2bgRc,Rhythm and blues,https://i.scdn.co/image/ab6761610000e5ebd2ce0bf5614b54bd44e059d5,https://fr.wikipedia.org/wiki/Nelly_Furtado
Neneh Cherry,Neneh Mariann Karlsson,1964-03-10,3JxCEqL9zjKnDJgUhRuRJD,nan,https://i.scdn.co/image/ab6761610000e5eb72aecba283cf67c2f058980e,https://fr.wikipedia.org/wiki/Neneh_Cherry
Nicki Minaj,Onika Tanya Maraj,1982-12-08,0hCNtLu0JehylgoiP8L4Gh,Rap music,https://i.scdn.co/image/ab6761610000e5eb07a50f0a9a8f11e5a1102cbd,https://fr.wikipedia.org/wiki/Nicki_Minaj
Njie,nan,,50MNakTO5I1i1I9Z4tC8u4,Zouk,https://i.scdn.co/image/ab67616d0000b273a982fbc4112baf12908cde02,
Nolwenn Leroy,Nolwenn Le Magueresse,1982-09-28,6suRVbMTiFWlTpB6fdLdF2,nan,https://i.scdn.co/image/ab6761610000e5eb08a61d1e3eea5c114fcc8304,https://fr.wikipedia.org/wiki/Nolwenn_Leroy
Nomads,nan,,6aUKy2LG1OU6KhYOZADolN,nan,https://i.scdn.co/image/ab6761610000e5eb7a0ae37f224490ad5440b281,
Oasis,Oasis,1991-01-01,2DaxqgrOhkeH0fpeiQq2f4,nan,https://i.scdn.co/image/ab6761610000e5eb0522e98a6f0cf1ddbee9a74f,https://fr.wikipedia.org/wiki/Oasis_(groupe)
Offset,Kiari Kendrell Cephus,1991-01-14,4DdkRBBYG6Yk9Ka8tdJ9BW,Rap music,https://i.scdn.co/image/ab6761610000e5eb628143c3dd14fc995f925d56,https://fr.wikipedia.org/wiki/Offset_(rappeur)
Olivia Ruiz,Olivia Blanc,1980-01-01,12OSqKGORygb2C6H36qKuj,nan,https://i.scdn.co/image/ab6761610000e5eb1901412c66270f5b3109d656,https://fr.wikipedia.org/wiki/Olivia_Ruiz
Omah Lay,,,5yOvAmpIR7hVxiS6Ls5DPO,Afrobeat,https://i.scdn.co/image/ab6761610000e5eb212e0b674da993b1a0cacb16,https://fr.wikipedia.org/wiki/Omah_Lay
Os Banah,nan,,0YrwMp3TZqDED4LRMk81iD,nan,https://i.scdn.co/image/ab67616d0000b2731e26c43cc7ae5e11a8d3ca8f,
Otis Redding,Otis Ray Redding,1941-09-09,60df5JBRRPcnSpsIMxxwQm,nan,https://i.scdn.co/image/a5897eff01844c42d894a586e618ebc4aa0b9d2f,https://fr.wikipedia.org/wiki/Otis_Redding
Ouais Chery,nan,,0xrkjwFe3CIbYHTpMRi7ED,Rhythm and blues,https://i.scdn.co/image/ab6761610000e5eb12c94b2ea0bb617531714497,
Outlandish,Outlandish,1997-01-01,5tqMW5dSAlvh0GvgD3XfDy,nan,https://i.scdn.co/image/ab6761610000e5eb228dedcb9ba0116a58bfdce4,https://fr.wikipedia.org/wiki/Outlandish
Owl City,nan,1986-07-05,07QEuhtrNmmZ0zEcqE9SF6,nan,https://i.scdn.co/image/ab6761610000e5ebce3fbd73ae4f8b3ff54a0a5c,https://fr.wikipedia.org/wiki/Owl_City
P Square,P Square,2003-01-01,42IUN9kTPdUdI1kre6L7Wk,nan,https://i.scdn.co/image/ab6761610000e5eb7c6b34713eca70196726378f,https://fr.wikipedia.org/wiki/P-Square
P!nk,Alecia Beth Moore,1979-09-08,1KCSPY1glIKqW2TotWuXOR,Pop punk,https://i.scdn.co/image/ab6761610000e5eb7bbad89a61061304ec842588,https://fr.wikipedia.org/wiki/Pink_(chanteuse)
Passenger,nan,1984-05-17,0gadJ2b9A4SKsB1RFkBb66,nan,https://i.scdn.co/image/ab6761610000e5eb3eb6f55c271d954cc871954f,https://fr.wikipedia.org/wiki/Passenger_(chanteur)
Pat Boone,nan,1934-06-01,7fmKtIgmxqNEKjATioVNsu,nan,https://i.scdn.co/image/ab6761610000e5eb1d6bec189c1ca27f6ce699dc,https://fr.wikipedia.org/wiki/Pat_Boone
Patience & Prudence,Patience & Prudence,1955-01-01,4F78tRprgxpEnopKTTWXor,nan,https://i.scdn.co/image/ab67616d0000b2735f71ec43b302d6fad5688f1b,
Pep's,nan,,6dvyAgidTbcn9vJO1eWQ6y,Folk pop,https://i.scdn.co/image/562cf9d4dea2bf0dcbfb7c47aca15abbbdbce860,https://fr.wikipedia.org/wiki/Pep%27s_(musicien)
Perle Lama,nan,1984-01-20,3JCfgXnyQBwjAp61EctbQP,Zouk,https://i.scdn.co/image/ab6761610000e5eb79dfbfe10b61acc685de1581,
Peter Bjorn And John,Peter Bjorn And John,1999-01-01,6u11Qbko2N2hP4lTBYjX86,nan,https://i.scdn.co/image/ab6761610000e5eb9cc950721c840af3679622f3,https://fr.wikipedia.org/wiki/Peter_Bjorn_and_John
Petey Pablo,Moses Mortimer Barrett III,1973-07-22,4Js9eYwAf9rypNtV8pNSw9,nan,https://i.scdn.co/image/ab6761610000e5ebe308e14a34efcb2f11e2013d,https://fr.wikipedia.org/wiki/Petey_Pablo
Phil Collins,nan,1951-01-30,4lxfqrEsLX6N1N4OCSkILp,nan,https://i.scdn.co/image/ab6761610000e5ebd4e38c4e3e5c82774740e28d,https://fr.wikipedia.org/wiki/Phil_Collins
Pooh Shiesty,"Lontrell Donell Williams, Jr.",1999-01-08,nan,"('2 Tone', '2 Tone')",nan,https://fr.wikipedia.org/wiki/Pooh_Shiesty
Portishead,Portishead,1991-01-01,6liAMWkVf5LH7YR9yfFy1Y,nan,https://i.scdn.co/image/27802710b01453435de93d71bab2c9988a841ace,https://fr.wikipedia.org/wiki/Portishead
Princess Lover,nan,,2MR0CohJ0bX97VcvgcIhsl,Zouk,https://i.scdn.co/image/ab67616d0000b273a494413884fbd766ad3783f2,
Prokofiev,(ru) Сергей Сергеевич Прокофьев (Sergueï Sergueïevitch Prokofiev)(uk) Сергі́й Сергі́йович Проко́ф'єв (Serhi Serhiovytch Prokofiev),1891-04-23,4kHtgiRnpmFIV5Tm4BIs8l,nan,https://i.scdn.co/image/3d519206c3e18b8de2d8749988a398ded9a6b625,https://fr.wikipedia.org/wiki/Sergue%C3%AF_Prokofiev
Quality Control,Quality Control,2013-01-01,6i392l38cR3uBPF0DbNs7S,Rap music,https://i.scdn.co/image/ab67616d0000b273f5c547a4335523f10a802f94,
Quavo,Quavious Keyate Marshall,1991-04-02,0VRj0yCOv2FXJNP47XQnx5,Rap music,https://i.scdn.co/image/ab6761610000e5ebd52229f479361a2375f6021c,https://fr.wikipedia.org/wiki/Quavo
Queens Of The Stone Age,Queens Of The Stone Age,1996-01-01,4pejUc4iciQfgdX6OKulQn,nan,https://i.scdn.co/image/ab6761610000e5eb909b2c4b7c768ee03445cd10,https://fr.wikipedia.org/wiki/Queens_of_the_Stone_Age
ROSALÍA,Rosalia Vila Tobella,1992-01-25,7ltDVBr6mKbRvohxheJ9h1,Latin pop,https://i.scdn.co/image/ab6761610000e5eb9354faf80eb87961466edfbf,https://fr.wikipedia.org/wiki/Rosal%C3%ADa
Radical Face,nan,1979-05-23,5EM6xJN2QNk0cL7EEm9HR9,Indie folk,https://i.scdn.co/image/ab6761610000e5eb525cf67298ee623539c1b8bf,https://fr.wikipedia.org/wiki/Radical_Face
Ray Charles,Ray Charles Robinson,1930-09-23,1eYhYunlNJlDoQhtYBvPsi,Rhythm and blues,https://i.scdn.co/image/ab6761610000e5eb6fc460f10177fa38af69b8bf,https://fr.wikipedia.org/wiki/Ray_Charles
Rayvanny,Raymond Shaban Mwakyusa,1993-08-22,7G9dCn1mqomAa0ucJoBm6J,nan,https://i.scdn.co/image/ab6761610000e5eb5c0d680fc6f8578c2493934b,https://fr.wikipedia.org/wiki/Rayvanny
Regina Spektor,Regina Ilyinitchna Spektor,1980-02-18,3z6Gk257P9jNcZbBXJNX5i,nan,https://i.scdn.co/image/ab6761610000e5eba36a9f95d59ab791d5e897e9,https://fr.wikipedia.org/wiki/Regina_Spektor
Rema,Moïshe ben Israel Isserles,2000-05-01,46pWGuE3dSwY3bMMXGBvVS,Afrobeat,https://i.scdn.co/image/ab6761610000e5eb0100fea4bd79ae2ce801be09,https://fr.wikipedia.org/wiki/Rema_(chanteur)
Renan Luce,nan,1980-03-05,7f2jQ928ZRehCJrGGHN46J,nan,https://i.scdn.co/image/ab6761610000e5ebbbf5b5346dcf909179957b4b,https://fr.wikipedia.org/wiki/Renan_Luce
Rick Astley,Richard Paul Astley,1966-02-06,0gxyHStUsqpMadRV0Di1Qt,nan,https://i.scdn.co/image/ab6761610000e5eb019782a5d4654e00db2a28a0,https://fr.wikipedia.org/wiki/Rick_Astley
Ricky Martin,Enrique José Martín Morales,1971-01-24,7slfeZO9LsJbWgpkIoXBUJ,Latin pop,https://i.scdn.co/image/ab6761610000e5eb5e6e65ed12891b12233db44b,https://fr.wikipedia.org/wiki/Ricky_Martin
Ricky Nelson,Eric Hilliard Nelson,1940-05-08,73sSFVlM6pkweLXE8qw1OS,nan,https://i.scdn.co/image/3c0b0278e7cc5a8f062f7797993e099683b10e1e,https://fr.wikipedia.org/wiki/Ricky_Nelson
Righteous Brothers,Righteous Brothers,1962-01-01,4b0WsB47XCa9F83BmwQ7WX,nan,https://i.scdn.co/image/e97b7cd22945863ebc926c5c8e4e92bd2b8698d9,https://fr.wikipedia.org/wiki/The_Righteous_Brothers
Rihanna,Robyn Rihanna Fenty,1988-02-20,5pKCCKE2ajJHZ9KAiaK11H,nan,https://i.scdn.co/image/ab6761610000e5eb99e4fca7c0b7cb166d915789,https://fr.wikipedia.org/wiki/Rihanna
Rilo Kiley,Rilo Kiley,1998-01-01,2cevwbv7ISD92VMNLYLHZA,Rock and roll,https://i.scdn.co/image/2b56ef4b6f2093ebb46b18cbb4c0fccb9f27b2e2,https://fr.wikipedia.org/wiki/Rilo_Kiley
Rita Hayworth,Margarita Carmen Cansino,1918-10-17,24u2lWQYyTWB7VUTnwEavi,nan,https://i.scdn.co/image/ab67616d0000b27346d4cdd08ab5c14b2f71f3e1,https://fr.wikipedia.org/wiki/Rita_Hayworth
Roddy Ricch,Rodrick Wayne Moore Jr.,1998-01-22,757aE44tKEUQEqRuT6GnEB,Rap music,https://i.scdn.co/image/ab6761610000e5eb88d7900663b237167c4be332,https://fr.wikipedia.org/wiki/Roddy_Ricch
Roméo Elvis,Roméo Johnny Elvis Kiki Van Laeken,1992-12-13,2pHk4wAmL7ofTAuvCIUWtv,nan,https://i.scdn.co/image/ab6761610000e5eb243f1b8756f0bbd0fcdb7260,https://fr.wikipedia.org/wiki/Rom%C3%A9o_Elvis
Roxette,Roxette,1986-01-01,2SHhfs4BiDxGQ3oxqf0UHY,nan,https://i.scdn.co/image/ab6761610000e5eb347ca7e9f41f3ff8e2b19034,https://fr.wikipedia.org/wiki/Roxette
Rudeboy,nan,1983-11-24,583D4MicNImtI9URI0fIFT,nan,https://i.scdn.co/image/ab6761610000e5ebbdfe992b6463746c79b8138b,https://fr.wikipedia.org/wiki/Rudeboy
SAODAJ',nan,,3RR7yaMwyMZ00dVrXmO8ow,nan,https://i.scdn.co/image/ab6761610000e5eb2c4d833d18d2796c7bb6f07a,
SCH,Julien Schwarzer,1993-04-06,2kXKa3aAFngGz2P4GjG5w2,Rap music,https://i.scdn.co/image/ab6761610000e5ebcbdc659419a9f684e547164e,https://fr.wikipedia.org/wiki/SCH_(rappeur)
SEFYU,Youssef Soukouna,1981-04-20,2OULCPo7k0vPKlEZimhaVc,Rap music,https://i.scdn.co/image/ab6761610000e5eb96cc237b24316fe2f2ae6195,https://fr.wikipedia.org/wiki/Sefyu
SEVDALIZA,Sevda Alizadeh,,5MraexJKZDrQYzS98kNwie,Power pop,https://i.scdn.co/image/ab6761610000e5eb62ee96f535c8939e42bb68d7,https://fr.wikipedia.org/wiki/Sevdaliza
SEXY SUSHI,SEXY SUSHI,2005-01-01,6yNXUzxIakMVY5LoVgZGHG,nan,https://i.scdn.co/image/ab6761610000e5eb3649e4fb8d618d1baa1f7bb5,https://fr.wikipedia.org/wiki/Sexy_Sushi
SNAP!,SNAP!,1989-01-01,2FrKQPjJe4pVMZOgm0ESOx,nan,https://i.scdn.co/image/ab6761610000e5eb1097cae1ae4199d388081661,https://fr.wikipedia.org/wiki/Snap!_(groupe)
SPOTEMGOTTEM,nan,2000-10-20,3Y2MLcrD3ZQXRXmtn4fZQx,Rap music,https://i.scdn.co/image/ab6761610000e5eb5c5b1d5789f15cf42738fb66,
SWV,SWV,1990-01-01,2NmK5FyrQ18HOPXq1UBzqa,Rhythm and blues,https://i.scdn.co/image/ab6761610000e5eb2c43fa54ddf21c961d2fd6c3,https://fr.wikipedia.org/wiki/SWV
Sade,Sade,1982-01-01,47zz7sob9NUcODy0BTDvKx,nan,https://i.scdn.co/image/ab6761610000e5eb92883b0e094a36d2f43ad284,https://fr.wikipedia.org/wiki/Sade_(groupe)
SahBabii,nan,1996-10-11,7GuUYiGZOzQwq4L6gAfy1T,Rap music,https://i.scdn.co/image/ab6761610000e5eb6a379e26fd4999a0b9bc9baa,
Salt-N-Pepa,Salt-N-Pepa,1985-01-01,7wqtxqI3eo7Gn1P7SpP6cQ,Rhythm and blues,https://i.scdn.co/image/ab6761610000e5eb0675a243b8f4b5301f514206,https://fr.wikipedia.org/wiki/Salt-N-Pepa
Sandra Dee & Bobby Darin,nan,,0EodhzA6yW1bIdD5B4tcmJ,Rhythm and blues,https://i.scdn.co/image/0145d946866cb2205bba2f17ab445e290eb1ec4c,
Sara Bareilles,Sara Elisabeth Bareilles,1979-12-07,2Sqr0DXoaYABbjBo9HaMkM,nan,https://i.scdn.co/image/ab6761610000e5eb0bae7cfd3b32b10154e0b8b3,https://fr.wikipedia.org/wiki/Sara_Bareilles
Sarah Blasko,Sarah Elizabeth Blaskow,1976-09-26,75jU2q0uEWzSIlqRJtedJV,nan,https://i.scdn.co/image/ab6761610000e5eb1a1dc351a9cf6837c55d20f0,https://fr.wikipedia.org/wiki/Sarah_Blasko
Sarkodie,Michael Owusu Addo,1985-07-10,01DTVE3KmoPogPZaOvMqO8,Afrobeat,https://i.scdn.co/image/ab6761610000e5ebdc9f92be0e1d353f4f7a037b,https://fr.wikipedia.org/wiki/Sarkodie
Scarlette,nan,,1LjSVbvcFPzVlO1OLhDQey,Zouk,https://i.scdn.co/image/ab6761610000e5eb91ce1ef0b5c58bd3ac01f43c,
Seal,Samuel Henry Olusegun Adeola[1],1963-02-19,5GtMEZEeFFsuHY8ad4kOxv,Rhythm and blues,https://i.scdn.co/image/ab6761610000e5ebe29f9c69aad50e33fa61805a,https://fr.wikipedia.org/wiki/Seal_(chanteur)
Sean Paul,nan,,3Isy6kedDrgPYoTS1dazA9,Dancehall,https://i.scdn.co/image/ab6761610000e5eb60c3e9abe7327c0097738f22,https://fr.wikipedia.org/wiki/Sean_Paul
Selena Gomez,Selena Marie Gomez,1992-01-22,0C8ZW7ezQVs4URX5aX7Kqx,Dance-pop,https://i.scdn.co/image/ab6761610000e5ebc3c753851496854e29abff7a,https://fr.wikipedia.org/wiki/Selena_Gomez
Sexyy Red,Janae Nierah Wherry,1998-01-15,nan,Rap music,nan,https://fr.wikipedia.org/wiki/Sexyy_Red
Shakira,Shakira Isabel Mebarak Ripoll,1977-02-02,0EmeFodog0BfCgMzAIvKQp,Latin pop,https://i.scdn.co/image/ab6761610000e5eb2528c726e5ddb90a7197e527,https://fr.wikipedia.org/wiki/Shakira
Shalala lala,nan,,2njkfzRhOJFKLWFTu8FNWx,nan,https://i.scdn.co/image/ab6761610000e5eb1173fe0d523590d3ff1ea3b1,
Shanel Hill,nan,,4Voj5mMTNvEhyP1hmPJAeM,nan,https://i.scdn.co/image/ab67616d0000b273a37de6d85d388a04596bff35,
Shania Twain,Eilleen Regina Edwards,1965-08-28,5e4Dhzv426EvQe3aDb64jL,nan,https://i.scdn.co/image/ab6761610000e5eb01022f4092cb96e0a91811a5,https://fr.wikipedia.org/wiki/Shania_Twain
Shanice,Shanice Lorraine Wilson,1973-05-14,0Ttph0pOZiPNTD3y2wUUb6,Rhythm and blues,https://i.scdn.co/image/50ce596949e8d05d1ad380a649aabad8629164f7,https://fr.wikipedia.org/wiki/Shanice
Shanika,nan,,4bRIHVXfIPH6r3qe1Suybf,Bouyon,https://i.scdn.co/image/ab6761610000e5eb007ed1c2c1505f2975463e39,
Shannon,nan,,6A5Ns1SpGWTt8SzXPwiqVE,Dancehall,https://i.scdn.co/image/ab6761610000e5eb2c83cf30c063810760cb2ab2,
Sheryfa Luna,Cherifa Babouche,1989-01-25,5BPQfQJaq5Hx0636gwk4uA,French pop,https://i.scdn.co/image/ab6761610000e5eb90b417d74e0ae9fe38f0ac4d,https://fr.wikipedia.org/wiki/Sheryfa_Luna
Sheryl Crow,Sheryl Suzanne Crow,1962-02-11,4TKTii6gnOnUXQHyuo9JaD,Country pop,https://i.scdn.co/image/ab6761610000e5eb962c94da847bcc4ef21c4ad9,https://fr.wikipedia.org/wiki/Sheryl_Crow
Sho Madjozi,nan,1992-05-09,08V2vgJBY6VLoUPWlznRKo,nan,https://i.scdn.co/image/ab6761610000e5eb0cd53b8135071be85329535c,https://fr.wikipedia.org/wiki/Sho_Madjozi
Sinéad O'Connor,Sinéad Marie Bernadette O'Connor,1966-12-08,4sD9znwiVFx9cgRPZ42aQ1,Pop rock,https://i.scdn.co/image/ab6761610000e5eb973ffafbef7825fdaa2ae5c5,https://fr.wikipedia.org/wiki/Sin%C3%A9ad_O%27Connor
Sisqo,Mark Althavan Andrews,1978-11-09,6x9QLdzo6eBZxJ1bHsDkjg,Rhythm and blues,https://i.scdn.co/image/4aed80b41410e15695438b0dc1e54805a92873b2,https://fr.wikipedia.org/wiki/Sisq%C3%B3
Skepta,Joseph Junior Adenuga,1982-09-19,2p1fiYHYiXz9qi0JJyxBzN,Rap music,https://i.scdn.co/image/ab6761610000e5eb247e3bd61bd004869b5bffc3,https://fr.wikipedia.org/wiki/Skepta
Ski Mask The Slump God,Stokeley Clevon Goulbourne,1996-04-18,2rhFzFmezpnW82MNqEKVry,Rap music,https://i.scdn.co/image/ab6761610000e5eb6fe251c4f2ab0cffe13c7cd0,https://fr.wikipedia.org/wiki/Ski_Mask_the_Slump_God
Skiibii,nan,1994-11-07,72Z2AhMKpxZjLNnPMyinUE,nan,https://i.scdn.co/image/ab6761610000e5eb9f634440f5804eb98db5a6ef,
Slaï,Patrice Sylvestre,1973-02-10,7y4UMLXo4Gz5NQbXE7v2Kt,Zouk,https://i.scdn.co/image/ab6761610000e5ebce79ad2c20d8a5dd5b59b082,https://fr.wikipedia.org/wiki/Sla%C3%AF
Slim Thug,Stayve Jerome Thomas,1980-09-08,0st5vgzw9XkH5ALJiUM1lE,nan,https://i.scdn.co/image/ab6761610000e5eb474b284211d41aa5ce2f7a09,https://fr.wikipedia.org/wiki/Slim_Thug
Snoop Dogg,"Calvin Cordozar Broadus, Jr.",1971-10-20,7hJcb9fa4alzcOq3EaNPoG,Rap music,https://i.scdn.co/image/ab6761610000e5ebc19a88576ebe6fcbb325c297,https://fr.wikipedia.org/wiki/Snoop_Dogg
Sophie Ellis-Bextor,Sophie Michelle Ellis-Bextor,1979-04-10,2cBh5lVMg222FFuRU7EfDE,Pop rock,https://i.scdn.co/image/ab6761610000e5eb78ac16f5d194c15658e80fce,https://fr.wikipedia.org/wiki/Sophie_Ellis-Bextor
Southside,nan,,23DYJsw4uSCguIqiTIDtcN,Rock and roll,https://i.scdn.co/image/ab6761610000e5eb78c315b04122bfc826bf9697,https://fr.wikipedia.org/wiki/Southside_(album)
Spice Girls,Spice Girls,1994-01-01,0uq5PttqEjj3IH1bzwcrXF,Pop rock,https://i.scdn.co/image/ab6761610000e5eb2e91ffbba84e8e94bafbc6d7,https://fr.wikipedia.org/wiki/Spice_Girls
Spotless,nan,,7zd8O0lGS5sHftyvnhtWD1,nan,https://i.scdn.co/image/ab6761610000e5eb11cc48c6b18181302b4ea2aa,
Stacy,nan,,3q8tRS0hCMVCylgKAoA0ya,nan,https://i.scdn.co/image/8b60f098a854a024d7f4849b52f538d7d04e7c63,
StarBoy,nan,,2udaNgT7EdnplmMaAAkP25,nan,https://i.scdn.co/image/ab6761610000e5eb9b059136a6563b34c8c3ca2b,
Stereo Total,Stereo Total,1993-01-01,662bj9rCw8Twt6JDAMmMDb,nan,https://i.scdn.co/image/ab6761610000e5ebc7ed6a9ee7bddee65d2c6b3a,https://fr.wikipedia.org/wiki/Stereo_Total
Steve Aoki,Steven Hiroyuki Aoki,1977-11-30,77AiFEVeAVj2ORpC85QVJs,nan,https://i.scdn.co/image/ab6761610000e5ebcf85b39d94c486218a687248,https://fr.wikipedia.org/wiki/Steve_Aoki
Stevie Wonder,Steveland Judkinspuis Steveland Morris,1950-05-13,7guDJrEfX3qb6FEbdPA5qi,Funk,https://i.scdn.co/image/37c7875911b1d8195b05d40061a86bd01908a0d9,https://fr.wikipedia.org/wiki/Stevie_Wonder
Sting,Gordon Matthew Thomas Sumner,1951-10-02,0Ty63ceoRnnJKVEYP0VQpk,Rhythm and blues,https://i.scdn.co/image/ab6761610000e5eb9fdb4dab484a9f12e347c216,https://fr.wikipedia.org/wiki/Sting_(musicien)
Stormzy,"Michael Ebenazer Kwadjo Omari Owuo, Jr.",1993-07-26,2SrSdSvpminqmStGELCSNd,Rap music,https://i.scdn.co/image/ab6761610000e5eb674d29e07df021a35df3ddf1,https://fr.wikipedia.org/wiki/Stormzy
Sum 41,Sum 41,1996-01-01,0qT79UgT5tY4yudH9VfsdT,nan,https://i.scdn.co/image/ab6761610000e5eb625af80b68ae4eb559c6c417,https://fr.wikipedia.org/wiki/Sum_41
Summer Walker,Summer Marjani Walker,1996-04-11,57LYzLEk2LcFghVwuWbcuS,Rhythm and blues,https://i.scdn.co/image/ab6761610000e5ebe0ff24e6eb6e1c0214f158b6,https://fr.wikipedia.org/wiki/Summer_Walker
Superbus,Superbus,1999-01-01,3Hog7RVQ1lAv1crdfiJPLq,Pop rock,https://i.scdn.co/image/ab6761610000e5eb735edc388fce2f4c242e1e1d,https://fr.wikipedia.org/wiki/Superbus
TLC,TLC,,0TImkz4nPqjegtVSMZnMRq,Rhythm and blues,https://i.scdn.co/image/ab6761610000e5eb7356ae4581e46319f99c813a,https://fr.wikipedia.org/wiki/TLC_(groupe)
TM88,nan,1986-10-19,5RMUeKq0dZxg9RHE1f0B9P,Rap music,https://i.scdn.co/image/ab6761610000e5eb477c0251af51e3dc08161c40,
Takeoff,Kirsnik Khari Ball,1994-06-18,3EW0kQ1skZiK1NHg3Spt9J,Rap music,https://i.scdn.co/image/ab6761610000e5ebd986fb8037e0b8e2f9f4f37d,https://fr.wikipedia.org/wiki/Takeoff_(rappeur)
Tanto Metro,nan,1975-06-24,4mVpYIVAOE8sEdYuL8HDpd,nan,https://i.scdn.co/image/ab6761610000e5eb23af7fb6b9934f1dd241ca96,
Taylor Swift,Taylor Alison Swift,1989-01-13,06HL4z0CvFAxyc27GXpf02,Traditional pop music,https://i.scdn.co/image/ab6761610000e5ebe672b5f553298dcdccb0e676,https://fr.wikipedia.org/wiki/Taylor_Swift
Tekno,nan,1992-12-17,6IhG3Yxm3UW98jhyBvrIut,nan,https://i.scdn.co/image/ab6761610000e5ebbdfa92a97f9da3258e7776e9,https://fr.wikipedia.org/wiki/Tekno_(chanteur)
Teni,nan,1992-12-23,3ukrG1BmfEiuo0KDj8YTTS,nan,https://i.scdn.co/image/ab6761610000e5ebb660f04f0452e80160feb13c,https://fr.wikipedia.org/wiki/Teni_(chanteuse)
Terri,nan,1997-05-31,19TPpTWkgX13Qc2stbqVoP,nan,https://i.scdn.co/image/ab6761610000e5eb6d0592295377a93cb370b775,
Terror Squad,Terror Squad,,2BvzbqWWwLN11XGBYgDZzx,Rap music,https://i.scdn.co/image/ab67616d0000b2732e49046fecfba5be6bc7b92a,https://fr.wikipedia.org/wiki/Terror_Squad_(groupe)
The Be Good Tanyas,The Be Good Tanyas,1999-01-01,37PywjKNsxHji5F9eFODF2,Country pop,https://i.scdn.co/image/691e56fb2b282de87d423a9602ac40146cba796b,https://fr.wikipedia.org/wiki/The_Be_Good_Tanyas
The Beatles,The Beatles,1960-01-01,3WrFJ7ztbogyGnTHbHJFl2,Rock and roll,https://i.scdn.co/image/ab6761610000e5ebe9348cc01ff5d55971b22433,https://fr.wikipedia.org/wiki/The_Beatles
The Black Eyed Peas,The Black Eyed Peas,1995-01-01,1yxSLGMDHlW21z4YXirZDS,Rhythm and blues,https://i.scdn.co/image/ab6761610000e5ebb3037310c07b99cbefbd2c6d,https://fr.wikipedia.org/wiki/Black_Eyed_Peas
The Cinematic Orchestra,The Cinematic Orchestra,1999-01-01,32ogthv0BdaSMPml02X9YB,nan,https://i.scdn.co/image/ab6761610000e5eb9e2576943e27fcddc3bb3646,https://fr.wikipedia.org/wiki/The_Cinematic_Orchestra
The Corrs,The Corrs,1990-01-01,1VbWUxZTRNY2gw3qZ1tg9W,nan,https://i.scdn.co/image/ab6761610000e5eb599f5b4f1ea78db47fbead4e,https://fr.wikipedia.org/wiki/The_Corrs
The Drifters,The Drifters,1953-01-01,1FqqOl9itIUpXr4jZPIVoT,nan,https://i.scdn.co/image/3361d8c88dc781f3a76657778454051db42e6d9e,https://fr.wikipedia.org/wiki/The_Drifters
The Dø,The Dø,2005-01-01,2mcNCn1qbZUQ3J9KHapUxj,Folk pop,https://i.scdn.co/image/0d94f0d43132aa9762a9958e4eba50c049d956ce,https://fr.wikipedia.org/wiki/The_D%C3%B8
The East Side Boyz,The East Side Boyz,1996-01-01,3ciRvbBIVz9fBoPbtSYq4x,Rap music,https://i.scdn.co/image/aafc4156598fa9f8f052ec5687e648ba9120f07e,
The Game,Jayceon Terrell Taylor,1979-01-29,0NbfKEOTQCcwd6o7wSDOHI,Rap music,https://i.scdn.co/image/ab6761610000e5eba657aa5506945d264e147244,https://fr.wikipedia.org/wiki/The_Game_(rappeur)
The La's,The La's,1983-01-01,47Z8LEl3LnQkcpva0xSthT,Pop rock,https://i.scdn.co/image/e2657fa7789ec2be647b71076b46f980f7540c73,https://fr.wikipedia.org/wiki/The_La%27s
The Plastic Ono Band,The Plastic Ono Band,1969-01-01,4m2kfAHEnK7Z7qLGxeWtro,nan,https://i.scdn.co/image/ab6761610000e5eb01f6227cc7b24c0b740ff848,https://fr.wikipedia.org/wiki/Plastic_Ono_Band
The Police,The Police,1977-01-01,5NGO30tJxFlKixkPSgXcFE,nan,https://i.scdn.co/image/72fe2cadb69ab59960ae3dbd29618549e4432699,https://fr.wikipedia.org/wiki/The_Police
The Pussycat Dolls,The Pussycat Dolls,1995-01-01,6wPhSqRtPu1UhRCDX5yaDJ,Rhythm and blues,https://i.scdn.co/image/ab6761610000e5eb292575f7d081016e04dff9ee,https://fr.wikipedia.org/wiki/The_Pussycat_Dolls
The Rolling Stones,The Rolling Stones,,22bE4uQ6baNwSHPVcDxLCe,Rock and roll,https://i.scdn.co/image/ab6761610000e5ebe4cea917b68726aadb4854b8,https://fr.wikipedia.org/wiki/The_Rolling_Stones
The Shanghai Restoration Project,The Shanghai Restoration Project,2005-01-01,0EP5EpsiMP8oLYy7sPHwf9,nan,https://i.scdn.co/image/ab6761610000e5ebdbc1170d337c9ae619b8d5b9,
The Ting Tings,The Ting Tings,2007-01-01,2wvUfjKGoXvcnDHq7GgMOa,Pop rock,https://i.scdn.co/image/ab6761610000e5eb525060ec706fc0f5dd7a2878,https://fr.wikipedia.org/wiki/The_Ting_Tings
The White Stripes,The White Stripes,1997-01-01,4F84IBURUo98rz4r61KF70,nan,https://i.scdn.co/image/ab6761610000e5eb70cc06de8fc28226d4743cd9,https://fr.wikipedia.org/wiki/The_White_Stripes
Thierry Cham,nan,,75E2yAVDzecPCYaNbLeNC5,Zouk,https://i.scdn.co/image/ab67616d0000b273e3ba3c8cf61a78e6bd142f5b,
Théodora,Lili Théodora Mbangayo Mujinga,2003-01-23,3PpJbrAbphauEun8Xf9tD2,Bouyon,https://i.scdn.co/image/ab6761610000e5eb82f18c900e9161e3c95d1306,https://fr.wikipedia.org/wiki/Th%C3%A9odora_(chanteuse)
Théomaa,nan,,49j7GvUPWXDkBZf3uUwMe6,Bouyon,https://i.scdn.co/image/ab67616d0000b273d6b1360993cf54278c2cf2ca,
Timbaland,Timothy Zachery Mosley,1972-03-10,5Y5TRrQiqgUO4S36tzjIRZ,nan,https://i.scdn.co/image/ab6761610000e5ebb713079a55dcf937d241dd2b,https://fr.wikipedia.org/wiki/Timbaland
Timber Timbre,Timber Timbre,2005-01-01,7HeVXdOdMhLslVputGTZFQ,Progressive rock,https://i.scdn.co/image/ab6761610000e5ebc66bd6288b6f7fb11ac1bc40,https://fr.wikipedia.org/wiki/Timber_Timbre
Tina Arena,Filippina Lydia Arena,1967-11-01,1ZTCpKWDwHhbjhkdHhvTm8,nan,https://i.scdn.co/image/ab6761610000e5eb9aad26a0f7c7fbb791aed6e5,https://fr.wikipedia.org/wiki/Tina_Arena
Tinashe,Tinashe Jorgensen Kachingwe,1993-02-06,0NIIxcxNHmOoyBx03SfTCD,nan,https://i.scdn.co/image/ab6761610000e5eba669f860c74c9007934d2cb6,https://fr.wikipedia.org/wiki/Tinashe
TitoM & Yuppe,,,2skaGZl0Z212j5SgD6qGNe,Amapiano,https://i.scdn.co/image/ab67616d0000b273ec72844ea8dc61d4a7768e58,https://en.wikipedia.org/wiki/Tshwala_Bam
Tom Odell,Thomas Peter Odell,1990-01-24,2txHhyCwHjUEpJjWrEyqyX,nan,https://i.scdn.co/image/ab6761610000e5eb532e8dd8ba9fbd5e78105a78,https://fr.wikipedia.org/wiki/Tom_Odell
Toni Braxton,Toni Michele Braxton,1967-10-07,3X458ddYA2YcVWuVIGGOYe,Rhythm and blues,https://i.scdn.co/image/ab6761610000e5eb89773feeaeff0e1cb4951d37,https://fr.wikipedia.org/wiki/Toni_Braxton
Tony Yayo,Marvin Bernard,1978-03-31,50UMTib697JJ44le8DO2Va,Rap music,https://i.scdn.co/image/af4998b29a084cf9f1507a1428c4645688e5fea0,https://fr.wikipedia.org/wiki/Tony_Yayo
Too $hort,Todd Anthony Shaw,1966-04-28,4sb7rZNN93BSS6Gqgepo4v,nan,https://i.scdn.co/image/ab6761610000e5ebe1000f5b1cde8889cf4dc44b,https://fr.wikipedia.org/wiki/Too_%24hort
Toofan,,,5BfpzKNakWiXUNm1RfBgUi,Afrobeat,https://i.scdn.co/image/ab6761610000e5eb336d715decf9d4737d65813b,https://fr.wikipedia.org/wiki/Toofan
Tory Lanez,Daystar Shemuel Shua Peterson,1992-01-27,2jku7tDXc6XoB6MO2hFuqg,Freestyle rap,https://i.scdn.co/image/ab6761610000e5ebbd5d3e1b363c3e26710661c3,https://fr.wikipedia.org/wiki/Tory_Lanez
Toto,Toto,1977-01-01,0PFtn5NtBbbUNbU9EAmIWF,nan,https://i.scdn.co/image/ab6761610000e5eba59a5bcab211f964fe9bfb06,https://fr.wikipedia.org/wiki/Toto_(groupe)
Tove Lo,Ebba Tove Elsa Nilsson,1987-10-29,4NHQUGzhtTLFvgF5SZesLK,nan,https://i.scdn.co/image/ab6761610000e5eb2360c963315739fc33b01687,https://fr.wikipedia.org/wiki/Tove_Lo
Toy-Box,Toy-Box,1996-01-01,0BYEp3eyHK9Wsp4t2Ad1R8,nan,https://i.scdn.co/image/4cca3caba269ae28b285e448142214aa2515db95,https://fr.wikipedia.org/wiki/Toy-Box
Tracy Chapman,nan,1964-03-30,7oPgCQqMMXEXrNau5vxYZP,Rhythm and blues,https://i.scdn.co/image/fe0085416276eb64c28eda1d2ef1feecbaa16d60,https://fr.wikipedia.org/wiki/Tracy_Chapman
Travis Scott,Jacques Bermon Webster II,1991-04-30,0Y5tJX1MQlPlqiwlOH1tJY,nan,https://i.scdn.co/image/ab6761610000e5eb19c2790744c792d05570bb71,https://fr.wikipedia.org/wiki/Travis_Scott
Trio,Trio,1980-01-01,417rMeQ1e1B90lsiS1iMZ1,nan,https://i.scdn.co/image/8ad1809ee7fe02f1c348b2d075065aa78ffe9e77,https://fr.wikipedia.org/wiki/Trio_(groupe)
Tujamo,Matthias Richter,1988-01-18,2vVNxGBvKRQMWwI5c8KmYh,nan,https://i.scdn.co/image/ab6761610000e5eb4ff3493ab05afb520e3a4380,https://fr.wikipedia.org/wiki/Tujamo
Ty Dolla Sign,Tyrone William Griffin Jr.,1982-04-13,7c0XG5cIJTrrAgEC3ULPiq,Rap music,https://i.scdn.co/image/ab6761610000e5eb24b3c0f33bc5e3f6a53f84d7,https://fr.wikipedia.org/wiki/Ty_Dolla_Sign
Tyla,Tyla Laura Seethal,2002-01-30,3SozjO3Lat463tQICI9LcE,Afrobeat,https://i.scdn.co/image/ab6761610000e5eba1fca104a7abe5a7031b887d,https://fr.wikipedia.org/wiki/Tyla
U.S.A. For Africa,U.S.A. For Africa,1985-01-01,7sF6m3PpW6G6m6J2gzzmzM,Rhythm and blues,https://i.scdn.co/image/ab67616d0000b273920f421260033ee54865d673,https://fr.wikipedia.org/wiki/USA_for_Africa
UB40,UB40,1978-01-01,69MEO1AADKg1IZrq2XLzo5,nan,https://i.scdn.co/image/ab6761610000e5eb057ec513c696b66901270810,https://fr.wikipedia.org/wiki/UB40
Umngan'wami,nan,,4ClziihVpBeFXNyDH83Lde,nan,https://i.scdn.co/image/ab6761610000e5eb55b976c32dbc2fb158a3981a,
Valerie June,Valerie June Hockett,1982-01-10,4QZdOCb3UacKbQ1ybDFAKM,nan,https://i.scdn.co/image/ab6761610000e5eba4d591c3d5009ceddb94c822,https://fr.wikipedia.org/wiki/Valerie_June
Vanessa Carlton,Vanessa Lee Carlton,1980-08-16,5ILrArfIV0tMURcHJN8Q07,nan,https://i.scdn.co/image/ab6761610000e5eb9a9873aca07694682036f5b7,https://fr.wikipedia.org/wiki/Vanessa_Carlton
Vanessa Paradis,Vanessa Chantal Paradis,1972-12-22,1FmxE030Xe2H8Bn9bdv6Pd,French pop,https://i.scdn.co/image/bd26cfb38c01991fa2fbb71053c567c4537e9a6e,https://fr.wikipedia.org/wiki/Vanessa_Paradis
Vengaboys,Vengaboys,1997-01-01,0cwmNvclzPd8mQnoHuIksj,nan,https://i.scdn.co/image/ab6761610000e5eb957b1db0e338bbf2fe2cdc37,https://fr.wikipedia.org/wiki/Vengaboys
Victony,,,1E5hfn5BduN2nnoZCJmUVG,Afrobeat,https://i.scdn.co/image/ab6761610000e5eb2d98f7145b95d591be045e09,https://en.wikipedia.org/wiki/Victony
Vika Jigulina,Victoria Corneva,1986-02-18,34dZRjYum6vVBGslgYaBtB,Electropop,https://i.scdn.co/image/ab67616d0000b273695991d6f4a544a05df4c1c0,https://fr.wikipedia.org/wiki/Vika_Jigulina
Village People,Village People,1977-01-01,0dCKce6tJJdHvlWnDMwzPW,nan,https://i.scdn.co/image/ab6761610000e5eb60571cd7326957308bad6380,https://fr.wikipedia.org/wiki/Village_People
Wejdene,Wejdene Chaïb,2004-04-23,1SxuyHZnLUFyFHGzdGaxZk,Afrobeat,https://i.scdn.co/image/ab6761610000e5eb286465e95bce362747d44be2,https://fr.wikipedia.org/wiki/Wejdene
Whigfield,Sannie Charlotte Carlson,1970-04-11,0lHoDF96DNKSIcIpcOfMnq,nan,https://i.scdn.co/image/ab6761610000e5eba1414d4790f546e86fea6b03,https://fr.wikipedia.org/wiki/Whigfield
Whitney Houston,Whitney Elizabeth Houston,1963-08-09,6XpaIBNiVzIetEPCWDvAFP,Rhythm and blues,https://i.scdn.co/image/ab6761610000e5ebcd9f60ab57585bf3b77ecc51,https://fr.wikipedia.org/wiki/Whitney_Houston
Wiz Khalifa,Cameron Jibril Thomaz,1987-01-08,nan,Afrobeat,nan,https://fr.wikipedia.org/wiki/Wiz_Khalifa
Wizkid,nan,1990-07-16,3tVQdUvClmAT7URs9V3rsp,Afrobeat,https://i.scdn.co/image/ab6761610000e5ebfa2e36a9d14dc11f3233bb4a,https://fr.wikipedia.org/wiki/Wizkid
Wyclef Jean,Nel Ust Wyclef Jean,1969-10-17,7aBzpmFXB4WWpPl2F7RjBe,nan,https://i.scdn.co/image/ab6761610000e5ebad53e714cc3481bd069bfc93,https://fr.wikipedia.org/wiki/Wyclef_Jean
YG,Keenon Daequan Ray Jackson,1990-01-09,nan,Rap music,nan,https://fr.wikipedia.org/wiki/YG_(rappeur)
Yael Naim,Yael Naim,1978-02-06,32aFdXARUiqP81SXqIPD4w,Folk pop,https://i.scdn.co/image/ab6761610000e5eb6898fb91c70d5e6a10a67fde,https://fr.wikipedia.org/wiki/Yael_Naim
Yasmine Hamdan,nan,,5VElAWe58JiEzEl4vtjw7J,nan,https://i.scdn.co/image/ab6761610000e5eb5489a3dd0030f64ceab2420b,https://fr.wikipedia.org/wiki/Yasmine_Hamdan
Yella Beezy,Deandre Conway,1991-10-21,7kwCkEJ384PWm0UQW3hxjS,Rap music,https://i.scdn.co/image/ab6761610000e5eb19885a885ca44e6781163f18,
Yelle,Yelle,1983-01-17,0WbqAlM1WvfUD6dF7omThd,French pop,https://i.scdn.co/image/ab6761610000e5ebcf45d275cf9b3788c96fd6b3,https://fr.wikipedia.org/wiki/Yelle_(groupe)
Yemi Alade,Yemi Eberechi Alade,,7fKO99ryLDo8VocdtVvwZW,Afrobeat,https://i.scdn.co/image/ab6761610000e5eb2ce4e49443ccea1a7abf2e4d,https://fr.wikipedia.org/wiki/Yemi_Alade
Ying Yang Twins,Ying Yang Twins,1998-01-01,44PA0rCQXikgOWbfY7Fq7m,Rap music,https://i.scdn.co/image/8a522c7faa13cf4321ca6bea075fd97f75f40cfe,https://fr.wikipedia.org/wiki/Ying_Yang_Twins
Yodelice,Maxime Rodolphe Nouchy,1979-02-23,167abweXl3demO9x0VMMeJ,Folk pop,https://i.scdn.co/image/ab6761610000e5eb0ed74d3ef6aa3f6887b63d0a,https://fr.wikipedia.org/wiki/Yodelice
Young M.A,Katorah Kasanova Marrero,1992-01-03,7LvoDJUNGnOrPdGRzVtOJ9,Rap music,https://i.scdn.co/image/ab6761610000e5eba8d380fa0ca95e0908e7616e,https://fr.wikipedia.org/wiki/Young_M.A
Young Scooter,Kenneth Edward Bailey,1986-03-28,4cmA2QDPdzh8W2ytpyUGes,Rap music,https://i.scdn.co/image/ab6761610000e5eba92577640045c4dd4d455a91,
Young Thug,Jeffery Lamar Williams Wayermann,1991-08-16,50co4Is1HCEo8bhOyUWKpn,Rap music,https://i.scdn.co/image/ab6761610000e5eb547d2b41c9f2c97318aad0ed,https://fr.wikipedia.org/wiki/Young_Thug
Youssou N'Dour,Youssou Madjiguène Ndour,1959-10-01,77zlytAFjPFjUKda8TNIDY,nan,https://i.scdn.co/image/ab6761610000e5ebc6ce99c0d31331765bd499e2,https://fr.wikipedia.org/wiki/Youssou_N%27Dour
Zaho,Zehira Darabid,1980-05-10,38GSybQjdc6sxptciOkxMq,French pop,https://i.scdn.co/image/ab6761610000e5eb7e1088a61b4f3b3d30f9d82b,https://fr.wikipedia.org/wiki/Zaho
a-ha,a-ha,1982-01-01,2jzc5TC5TVFLXQlBNiIUzE,nan,https://i.scdn.co/image/ab6761610000e5eb0168ba8148c07c2cdeb7d067,https://fr.wikipedia.org/wiki/A-ha
alt-J,alt-J,2007-01-01,3XHO7cRUPCLOr6jwp8vsx5,nan,https://i.scdn.co/image/ab6761610000e5eb3fb5214e667e278a20878a6b,https://fr.wikipedia.org/wiki/Alt-J
björk,Björk Guðmundsdóttir,1965-11-21,7w29UYBi0qsHi5RTcv3lmA,nan,https://i.scdn.co/image/ab6761610000e5ebaeb5c04fdd8ec6273850d207,https://fr.wikipedia.org/wiki/Bj%C3%B6rk
t.A.T.u.,t.A.T.u.,1991-01-01,2Q3eZMfDQgT8MhPowKFXYO,Pop rock,https://i.scdn.co/image/ab6761610000e5ebc8bb15d091287d6ce663d430,https://fr.wikipedia.org/wiki/T.A.T.u.
